,name,matchday,event_type,count
280333,Robert Lewandowski,1,awardedPenalty,1
280360,Robert Lewandowski,1,blockedGoalShot,0
280355,Robert Lewandowski,1,causedPenalty,0
280346,Robert Lewandowski,1,cross,0
280364,Robert Lewandowski,1,defended,0
280352,Robert Lewandowski,1,doublePack,0
280361,Robert Lewandowski,1,error,0
280345,Robert Lewandowski,1,farCorner,0
280334,Robert Lewandowski,1,foul,3
280347,Robert Lewandowski,1,freeKick,0
280351,Robert Lewandowski,1,goal,0
280365,Robert Lewandowski,1,goalAgainst,0
280344,Robert Lewandowski,1,goalAssist,0
280335,Robert Lewandowski,1,goalMissedFar,1
280353,Robert Lewandowski,1,hattrick,0
280348,Robert Lewandowski,1,interception,0
280363,Robert Lewandowski,1,lostPenalty,0
280350,Robert Lewandowski,1,missedChance,0
280336,Robert Lewandowski,1,offside,3
280354,Robert Lewandowski,1,ownGoal,0
280337,Robert Lewandowski,1,pass,21
280338,Robert Lewandowski,1,penaltyGoal,1
280358,Robert Lewandowski,1,redCard,0
280362,Robert Lewandowski,1,savedPenalty,0
280357,Robert Lewandowski,1,secondYellowCard,0
280339,Robert Lewandowski,1,shotAtGoal,2
280359,Robert Lewandowski,1,successfulTackle,0
280342,Robert Lewandowski,1,superPass,0
280343,Robert Lewandowski,1,throwIn,0
280340,Robert Lewandowski,1,unsuccessfulPass,6
280349,Robert Lewandowski,1,unsuccessfulPenalty,0
280341,Robert Lewandowski,1,unsuccessfulTackle,5
280356,Robert Lewandowski,1,yellowCard,0
281321,Robert Lewandowski,2,awardedPenalty,0
281327,Robert Lewandowski,2,blockedGoalShot,0
281322,Robert Lewandowski,2,causedPenalty,0
281309,Robert Lewandowski,2,cross,0
281331,Robert Lewandowski,2,defended,0
281316,Robert Lewandowski,2,doublePack,0
281328,Robert Lewandowski,2,error,0
281308,Robert Lewandowski,2,farCorner,0
281320,Robert Lewandowski,2,foul,0
281310,Robert Lewandowski,2,freeKick,0
281315,Robert Lewandowski,2,goal,0
281332,Robert Lewandowski,2,goalAgainst,0
281307,Robert Lewandowski,2,goalAssist,0
281299,Robert Lewandowski,2,goalMissedFar,1
281317,Robert Lewandowski,2,hattrick,0
281311,Robert Lewandowski,2,interception,0
281330,Robert Lewandowski,2,lostPenalty,0
281314,Robert Lewandowski,2,missedChance,0
281300,Robert Lewandowski,2,offside,3
281319,Robert Lewandowski,2,ownGoal,0
281301,Robert Lewandowski,2,pass,6
281318,Robert Lewandowski,2,penaltyGoal,0
281302,Robert Lewandowski,2,playerOn,1
281325,Robert Lewandowski,2,redCard,0
281329,Robert Lewandowski,2,savedPenalty,0
281324,Robert Lewandowski,2,secondYellowCard,0
281312,Robert Lewandowski,2,shotAtGoal,0
281303,Robert Lewandowski,2,successfulTackle,1
281305,Robert Lewandowski,2,superPass,0
281306,Robert Lewandowski,2,throwIn,0
281304,Robert Lewandowski,2,unsuccessfulPass,0
281313,Robert Lewandowski,2,unsuccessfulPenalty,0
281326,Robert Lewandowski,2,unsuccessfulTackle,0
281323,Robert Lewandowski,2,yellowCard,0
282266,Robert Lewandowski,3,awardedPenalty,1
282292,Robert Lewandowski,3,blockedGoalShot,0
282289,Robert Lewandowski,3,causedPenalty,0
282284,Robert Lewandowski,3,cross,0
282297,Robert Lewandowski,3,defended,0
282267,Robert Lewandowski,3,doublePack,1
282294,Robert Lewandowski,3,error,0
282283,Robert Lewandowski,3,farCorner,0
282268,Robert Lewandowski,3,foul,2
282285,Robert Lewandowski,3,freeKick,0
282269,Robert Lewandowski,3,goal,3
282298,Robert Lewandowski,3,goalAgainst,0
282282,Robert Lewandowski,3,goalAssist,0
282270,Robert Lewandowski,3,goalMissedFar,1
282271,Robert Lewandowski,3,hattrick,1
282272,Robert Lewandowski,3,interception,1
282296,Robert Lewandowski,3,lostPenalty,0
282287,Robert Lewandowski,3,missedChance,0
282293,Robert Lewandowski,3,offside,0
282288,Robert Lewandowski,3,ownGoal,0
282273,Robert Lewandowski,3,pass,21
282274,Robert Lewandowski,3,penaltyGoal,1
282291,Robert Lewandowski,3,redCard,0
282295,Robert Lewandowski,3,savedPenalty,0
282290,Robert Lewandowski,3,secondYellowCard,0
282275,Robert Lewandowski,3,shotAtGoal,8
282276,Robert Lewandowski,3,successfulTackle,5
282277,Robert Lewandowski,3,superPass,3
282281,Robert Lewandowski,3,throwIn,0
282278,Robert Lewandowski,3,unsuccessfulPass,8
282286,Robert Lewandowski,3,unsuccessfulPenalty,0
282279,Robert Lewandowski,3,unsuccessfulTackle,2
282280,Robert Lewandowski,3,yellowCard,1
283254,Robert Lewandowski,4,awardedPenalty,0
283259,Robert Lewandowski,4,blockedGoalShot,0
283255,Robert Lewandowski,4,causedPenalty,0
283232,Robert Lewandowski,4,cross,1
283264,Robert Lewandowski,4,defended,0
283233,Robert Lewandowski,4,doublePack,1
283261,Robert Lewandowski,4,error,0
283247,Robert Lewandowski,4,farCorner,0
283234,Robert Lewandowski,4,foul,1
283248,Robert Lewandowski,4,freeKick,0
283235,Robert Lewandowski,4,goal,2
283265,Robert Lewandowski,4,goalAgainst,0
283246,Robert Lewandowski,4,goalAssist,0
283236,Robert Lewandowski,4,goalMissedFar,1
283251,Robert Lewandowski,4,hattrick,0
283237,Robert Lewandowski,4,interception,1
283263,Robert Lewandowski,4,lostPenalty,0
283250,Robert Lewandowski,4,missedChance,0
283260,Robert Lewandowski,4,offside,0
283253,Robert Lewandowski,4,ownGoal,0
283238,Robert Lewandowski,4,pass,21
283252,Robert Lewandowski,4,penaltyGoal,0
283239,Robert Lewandowski,4,playerOff,1
283258,Robert Lewandowski,4,redCard,0
283262,Robert Lewandowski,4,savedPenalty,0
283257,Robert Lewandowski,4,secondYellowCard,0
283240,Robert Lewandowski,4,shotAtGoal,3
283241,Robert Lewandowski,4,successfulTackle,1
283242,Robert Lewandowski,4,superPass,1
283245,Robert Lewandowski,4,throwIn,0
283243,Robert Lewandowski,4,unsuccessfulPass,2
283249,Robert Lewandowski,4,unsuccessfulPenalty,0
283244,Robert Lewandowski,4,unsuccessfulTackle,4
283256,Robert Lewandowski,4,yellowCard,0
284221,Robert Lewandowski,5,awardedPenalty,0
284226,Robert Lewandowski,5,blockedGoalShot,0
284222,Robert Lewandowski,5,causedPenalty,0
284213,Robert Lewandowski,5,cross,0
284231,Robert Lewandowski,5,defended,0
284199,Robert Lewandowski,5,doublePack,1
284228,Robert Lewandowski,5,error,0
284212,Robert Lewandowski,5,farCorner,0
284220,Robert Lewandowski,5,foul,0
284214,Robert Lewandowski,5,freeKick,0
284200,Robert Lewandowski,5,goal,3
284232,Robert Lewandowski,5,goalAgainst,0
284211,Robert Lewandowski,5,goalAssist,0
284201,Robert Lewandowski,5,goalMissedFar,1
284202,Robert Lewandowski,5,hattrick,1
284215,Robert Lewandowski,5,interception,0
284230,Robert Lewandowski,5,lostPenalty,0
284217,Robert Lewandowski,5,missedChance,0
284227,Robert Lewandowski,5,offside,0
284219,Robert Lewandowski,5,ownGoal,0
284203,Robert Lewandowski,5,pass,12
284218,Robert Lewandowski,5,penaltyGoal,0
284204,Robert Lewandowski,5,playerOff,1
284225,Robert Lewandowski,5,redCard,0
284229,Robert Lewandowski,5,savedPenalty,0
284224,Robert Lewandowski,5,secondYellowCard,0
284205,Robert Lewandowski,5,shotAtGoal,1
284206,Robert Lewandowski,5,successfulTackle,2
284209,Robert Lewandowski,5,superPass,0
284210,Robert Lewandowski,5,throwIn,0
284207,Robert Lewandowski,5,unsuccessfulPass,5
284216,Robert Lewandowski,5,unsuccessfulPenalty,0
284208,Robert Lewandowski,5,unsuccessfulTackle,4
284223,Robert Lewandowski,5,yellowCard,0
285184,Robert Lewandowski,6,awardedPenalty,0
285191,Robert Lewandowski,6,blockedGoalShot,0
285185,Robert Lewandowski,6,causedPenalty,0
285171,Robert Lewandowski,6,cross,0
285196,Robert Lewandowski,6,defended,0
285179,Robert Lewandowski,6,doublePack,0
285193,Robert Lewandowski,6,error,0
285170,Robert Lewandowski,6,farCorner,0
285183,Robert Lewandowski,6,foul,0
285172,Robert Lewandowski,6,freeKick,0
285178,Robert Lewandowski,6,goal,0
285197,Robert Lewandowski,6,goalAgainst,0
285169,Robert Lewandowski,6,goalAssist,0
285174,Robert Lewandowski,6,goalMissedFar,0
285180,Robert Lewandowski,6,hattrick,0
285173,Robert Lewandowski,6,interception,0
285195,Robert Lewandowski,6,lostPenalty,0
285177,Robert Lewandowski,6,missedChance,0
285192,Robert Lewandowski,6,offside,0
285182,Robert Lewandowski,6,ownGoal,0
285165,Robert Lewandowski,6,pass,0
285181,Robert Lewandowski,6,penaltyGoal,0
285188,Robert Lewandowski,6,redCard,0
285194,Robert Lewandowski,6,savedPenalty,0
285187,Robert Lewandowski,6,secondYellowCard,0
285175,Robert Lewandowski,6,shotAtGoal,0
285189,Robert Lewandowski,6,successfulTackle,0
285167,Robert Lewandowski,6,superPass,0
285168,Robert Lewandowski,6,throwIn,0
285166,Robert Lewandowski,6,unsuccessfulPass,0
285176,Robert Lewandowski,6,unsuccessfulPenalty,0
285190,Robert Lewandowski,6,unsuccessfulTackle,0
285186,Robert Lewandowski,6,yellowCard,0
286152,Robert Lewandowski,7,awardedPenalty,0
286156,Robert Lewandowski,7,blockedGoalShot,0
286153,Robert Lewandowski,7,causedPenalty,0
286143,Robert Lewandowski,7,cross,0
286160,Robert Lewandowski,7,defended,0
286129,Robert Lewandowski,7,doublePack,1
286157,Robert Lewandowski,7,error,0
286142,Robert Lewandowski,7,farCorner,0
286151,Robert Lewandowski,7,foul,0
286144,Robert Lewandowski,7,freeKick,0
286130,Robert Lewandowski,7,goal,3
286161,Robert Lewandowski,7,goalAgainst,0
286141,Robert Lewandowski,7,goalAssist,0
286145,Robert Lewandowski,7,goalMissedFar,0
286148,Robert Lewandowski,7,hattrick,0
286131,Robert Lewandowski,7,interception,3
286159,Robert Lewandowski,7,lostPenalty,0
286147,Robert Lewandowski,7,missedChance,0
286132,Robert Lewandowski,7,offside,1
286150,Robert Lewandowski,7,ownGoal,0
286133,Robert Lewandowski,7,pass,26
286149,Robert Lewandowski,7,penaltyGoal,0
286155,Robert Lewandowski,7,redCard,0
286158,Robert Lewandowski,7,savedPenalty,0
286154,Robert Lewandowski,7,secondYellowCard,0
286134,Robert Lewandowski,7,shotAtGoal,1
286135,Robert Lewandowski,7,successfulTackle,6
286136,Robert Lewandowski,7,superPass,2
286140,Robert Lewandowski,7,throwIn,0
286137,Robert Lewandowski,7,unsuccessfulPass,3
286146,Robert Lewandowski,7,unsuccessfulPenalty,0
286138,Robert Lewandowski,7,unsuccessfulTackle,10
286139,Robert Lewandowski,7,yellowCard,1
287114,Robert Lewandowski,8,awardedPenalty,0
287119,Robert Lewandowski,8,blockedGoalShot,0
287115,Robert Lewandowski,8,causedPenalty,0
287093,Robert Lewandowski,8,cross,1
287124,Robert Lewandowski,8,defended,0
287110,Robert Lewandowski,8,doublePack,0
287121,Robert Lewandowski,8,error,0
287094,Robert Lewandowski,8,farCorner,1
287095,Robert Lewandowski,8,foul,2
287106,Robert Lewandowski,8,freeKick,0
287109,Robert Lewandowski,8,goal,0
287125,Robert Lewandowski,8,goalAgainst,0
287105,Robert Lewandowski,8,goalAssist,0
287096,Robert Lewandowski,8,goalMissedFar,2
287111,Robert Lewandowski,8,hattrick,0
287097,Robert Lewandowski,8,interception,1
287123,Robert Lewandowski,8,lostPenalty,0
287108,Robert Lewandowski,8,missedChance,0
287120,Robert Lewandowski,8,offside,0
287113,Robert Lewandowski,8,ownGoal,0
287098,Robert Lewandowski,8,pass,14
287112,Robert Lewandowski,8,penaltyGoal,0
287118,Robert Lewandowski,8,redCard,0
287122,Robert Lewandowski,8,savedPenalty,0
287117,Robert Lewandowski,8,secondYellowCard,0
287099,Robert Lewandowski,8,shotAtGoal,1
287100,Robert Lewandowski,8,successfulTackle,4
287103,Robert Lewandowski,8,superPass,0
287104,Robert Lewandowski,8,throwIn,0
287101,Robert Lewandowski,8,unsuccessfulPass,6
287107,Robert Lewandowski,8,unsuccessfulPenalty,0
287102,Robert Lewandowski,8,unsuccessfulTackle,1
287116,Robert Lewandowski,8,yellowCard,0
288080,Robert Lewandowski,9,awardedPenalty,0
288085,Robert Lewandowski,9,blockedGoalShot,0
288081,Robert Lewandowski,9,causedPenalty,0
288071,Robert Lewandowski,9,cross,0
288090,Robert Lewandowski,9,defended,0
288076,Robert Lewandowski,9,doublePack,0
288087,Robert Lewandowski,9,error,0
288070,Robert Lewandowski,9,farCorner,0
288059,Robert Lewandowski,9,foul,5
288072,Robert Lewandowski,9,freeKick,0
288060,Robert Lewandowski,9,goal,1
288091,Robert Lewandowski,9,goalAgainst,0
288069,Robert Lewandowski,9,goalAssist,0
288073,Robert Lewandowski,9,goalMissedFar,0
288077,Robert Lewandowski,9,hattrick,0
288061,Robert Lewandowski,9,interception,2
288089,Robert Lewandowski,9,lostPenalty,0
288075,Robert Lewandowski,9,missedChance,0
288086,Robert Lewandowski,9,offside,0
288079,Robert Lewandowski,9,ownGoal,0
288062,Robert Lewandowski,9,pass,11
288078,Robert Lewandowski,9,penaltyGoal,0
288084,Robert Lewandowski,9,redCard,0
288088,Robert Lewandowski,9,savedPenalty,0
288083,Robert Lewandowski,9,secondYellowCard,0
288063,Robert Lewandowski,9,shotAtGoal,1
288064,Robert Lewandowski,9,successfulTackle,5
288065,Robert Lewandowski,9,superPass,1
288068,Robert Lewandowski,9,throwIn,0
288066,Robert Lewandowski,9,unsuccessfulPass,9
288074,Robert Lewandowski,9,unsuccessfulPenalty,0
288067,Robert Lewandowski,9,unsuccessfulTackle,2
288082,Robert Lewandowski,9,yellowCard,0
289046,Robert Lewandowski,10,awardedPenalty,0
289051,Robert Lewandowski,10,blockedGoalShot,0
289047,Robert Lewandowski,10,causedPenalty,0
289037,Robert Lewandowski,10,cross,0
289056,Robert Lewandowski,10,defended,0
289042,Robert Lewandowski,10,doublePack,0
289053,Robert Lewandowski,10,error,0
289036,Robert Lewandowski,10,farCorner,0
289025,Robert Lewandowski,10,foul,1
289038,Robert Lewandowski,10,freeKick,0
289041,Robert Lewandowski,10,goal,0
289057,Robert Lewandowski,10,goalAgainst,0
289035,Robert Lewandowski,10,goalAssist,0
289026,Robert Lewandowski,10,goalMissedFar,1
289043,Robert Lewandowski,10,hattrick,0
289027,Robert Lewandowski,10,interception,1
289055,Robert Lewandowski,10,lostPenalty,0
289040,Robert Lewandowski,10,missedChance,0
289052,Robert Lewandowski,10,offside,0
289045,Robert Lewandowski,10,ownGoal,0
289028,Robert Lewandowski,10,pass,14
289044,Robert Lewandowski,10,penaltyGoal,0
289050,Robert Lewandowski,10,redCard,0
289054,Robert Lewandowski,10,savedPenalty,0
289049,Robert Lewandowski,10,secondYellowCard,0
289029,Robert Lewandowski,10,shotAtGoal,1
289030,Robert Lewandowski,10,successfulTackle,3
289033,Robert Lewandowski,10,superPass,0
289034,Robert Lewandowski,10,throwIn,0
289031,Robert Lewandowski,10,unsuccessfulPass,7
289039,Robert Lewandowski,10,unsuccessfulPenalty,0
289032,Robert Lewandowski,10,unsuccessfulTackle,9
289048,Robert Lewandowski,10,yellowCard,0
290009,Robert Lewandowski,11,awardedPenalty,0
290014,Robert Lewandowski,11,blockedGoalShot,0
290010,Robert Lewandowski,11,causedPenalty,0
289988,Robert Lewandowski,11,cross,1
290019,Robert Lewandowski,11,defended,0
290005,Robert Lewandowski,11,doublePack,0
290016,Robert Lewandowski,11,error,0
289989,Robert Lewandowski,11,farCorner,1
289990,Robert Lewandowski,11,foul,1
290001,Robert Lewandowski,11,freeKick,0
289991,Robert Lewandowski,11,goal,1
290020,Robert Lewandowski,11,goalAgainst,0
290000,Robert Lewandowski,11,goalAssist,0
290002,Robert Lewandowski,11,goalMissedFar,0
290006,Robert Lewandowski,11,hattrick,0
289992,Robert Lewandowski,11,interception,4
290018,Robert Lewandowski,11,lostPenalty,0
290004,Robert Lewandowski,11,missedChance,0
290015,Robert Lewandowski,11,offside,0
290008,Robert Lewandowski,11,ownGoal,0
289993,Robert Lewandowski,11,pass,21
290007,Robert Lewandowski,11,penaltyGoal,0
290013,Robert Lewandowski,11,redCard,0
290017,Robert Lewandowski,11,savedPenalty,0
290012,Robert Lewandowski,11,secondYellowCard,0
289994,Robert Lewandowski,11,shotAtGoal,2
289995,Robert Lewandowski,11,successfulTackle,9
289998,Robert Lewandowski,11,superPass,0
289999,Robert Lewandowski,11,throwIn,0
289996,Robert Lewandowski,11,unsuccessfulPass,10
290003,Robert Lewandowski,11,unsuccessfulPenalty,0
289997,Robert Lewandowski,11,unsuccessfulTackle,4
290011,Robert Lewandowski,11,yellowCard,0
290972,Robert Lewandowski,12,awardedPenalty,0
290977,Robert Lewandowski,12,blockedGoalShot,0
290973,Robert Lewandowski,12,causedPenalty,0
290964,Robert Lewandowski,12,cross,0
290982,Robert Lewandowski,12,defended,0
290951,Robert Lewandowski,12,doublePack,1
290979,Robert Lewandowski,12,error,0
290963,Robert Lewandowski,12,farCorner,0
290952,Robert Lewandowski,12,foul,4
290965,Robert Lewandowski,12,freeKick,0
290953,Robert Lewandowski,12,goal,2
290983,Robert Lewandowski,12,goalAgainst,0
290962,Robert Lewandowski,12,goalAssist,0
290966,Robert Lewandowski,12,goalMissedFar,0
290969,Robert Lewandowski,12,hattrick,0
290954,Robert Lewandowski,12,interception,1
290981,Robert Lewandowski,12,lostPenalty,0
290968,Robert Lewandowski,12,missedChance,0
290978,Robert Lewandowski,12,offside,0
290971,Robert Lewandowski,12,ownGoal,0
290955,Robert Lewandowski,12,pass,16
290970,Robert Lewandowski,12,penaltyGoal,0
290976,Robert Lewandowski,12,redCard,0
290980,Robert Lewandowski,12,savedPenalty,0
290975,Robert Lewandowski,12,secondYellowCard,0
290956,Robert Lewandowski,12,shotAtGoal,1
290957,Robert Lewandowski,12,successfulTackle,11
290960,Robert Lewandowski,12,superPass,0
290961,Robert Lewandowski,12,throwIn,0
290958,Robert Lewandowski,12,unsuccessfulPass,11
290967,Robert Lewandowski,12,unsuccessfulPenalty,0
290959,Robert Lewandowski,12,unsuccessfulTackle,7
290974,Robert Lewandowski,12,yellowCard,0
291937,Robert Lewandowski,13,awardedPenalty,0
291942,Robert Lewandowski,13,blockedGoalShot,0
291938,Robert Lewandowski,13,causedPenalty,0
291930,Robert Lewandowski,13,cross,0
291946,Robert Lewandowski,13,defended,0
291915,Robert Lewandowski,13,doublePack,1
291943,Robert Lewandowski,13,error,0
291929,Robert Lewandowski,13,farCorner,0
291916,Robert Lewandowski,13,foul,1
291931,Robert Lewandowski,13,freeKick,0
291917,Robert Lewandowski,13,goal,2
291947,Robert Lewandowski,13,goalAgainst,0
291928,Robert Lewandowski,13,goalAssist,0
291918,Robert Lewandowski,13,goalMissedFar,1
291934,Robert Lewandowski,13,hattrick,0
291919,Robert Lewandowski,13,interception,3
291945,Robert Lewandowski,13,lostPenalty,0
291933,Robert Lewandowski,13,missedChance,0
291920,Robert Lewandowski,13,offside,1
291936,Robert Lewandowski,13,ownGoal,0
291921,Robert Lewandowski,13,pass,11
291935,Robert Lewandowski,13,penaltyGoal,0
291941,Robert Lewandowski,13,redCard,0
291944,Robert Lewandowski,13,savedPenalty,0
291940,Robert Lewandowski,13,secondYellowCard,0
291922,Robert Lewandowski,13,shotAtGoal,4
291923,Robert Lewandowski,13,successfulTackle,3
291926,Robert Lewandowski,13,superPass,0
291927,Robert Lewandowski,13,throwIn,0
291924,Robert Lewandowski,13,unsuccessfulPass,8
291932,Robert Lewandowski,13,unsuccessfulPenalty,0
291925,Robert Lewandowski,13,unsuccessfulTackle,8
291939,Robert Lewandowski,13,yellowCard,0
292901,Robert Lewandowski,14,awardedPenalty,0
292906,Robert Lewandowski,14,blockedGoalShot,0
292902,Robert Lewandowski,14,causedPenalty,0
292894,Robert Lewandowski,14,cross,0
292911,Robert Lewandowski,14,defended,0
292880,Robert Lewandowski,14,doublePack,1
292908,Robert Lewandowski,14,error,0
292881,Robert Lewandowski,14,farCorner,1
292882,Robert Lewandowski,14,foul,3
292895,Robert Lewandowski,14,freeKick,0
292883,Robert Lewandowski,14,goal,1
292912,Robert Lewandowski,14,goalAgainst,0
292893,Robert Lewandowski,14,goalAssist,0
292896,Robert Lewandowski,14,goalMissedFar,0
292899,Robert Lewandowski,14,hattrick,0
292884,Robert Lewandowski,14,interception,2
292910,Robert Lewandowski,14,lostPenalty,0
292898,Robert Lewandowski,14,missedChance,0
292907,Robert Lewandowski,14,offside,0
292900,Robert Lewandowski,14,ownGoal,0
292885,Robert Lewandowski,14,pass,21
292886,Robert Lewandowski,14,penaltyGoal,1
292905,Robert Lewandowski,14,redCard,0
292909,Robert Lewandowski,14,savedPenalty,0
292904,Robert Lewandowski,14,secondYellowCard,0
292887,Robert Lewandowski,14,shotAtGoal,2
292888,Robert Lewandowski,14,successfulTackle,3
292889,Robert Lewandowski,14,superPass,2
292892,Robert Lewandowski,14,throwIn,0
292890,Robert Lewandowski,14,unsuccessfulPass,6
292897,Robert Lewandowski,14,unsuccessfulPenalty,0
292891,Robert Lewandowski,14,unsuccessfulTackle,4
292903,Robert Lewandowski,14,yellowCard,0
293863,Robert Lewandowski,15,awardedPenalty,0
293868,Robert Lewandowski,15,blockedGoalShot,0
293864,Robert Lewandowski,15,causedPenalty,0
293841,Robert Lewandowski,15,cross,1
293872,Robert Lewandowski,15,defended,0
293860,Robert Lewandowski,15,doublePack,0
293869,Robert Lewandowski,15,error,0
293853,Robert Lewandowski,15,farCorner,0
293842,Robert Lewandowski,15,foul,1
293854,Robert Lewandowski,15,freeKick,0
293859,Robert Lewandowski,15,goal,0
293873,Robert Lewandowski,15,goalAgainst,0
293852,Robert Lewandowski,15,goalAssist,0
293843,Robert Lewandowski,15,goalMissedFar,3
293861,Robert Lewandowski,15,hattrick,0
293855,Robert Lewandowski,15,interception,0
293871,Robert Lewandowski,15,lostPenalty,0
293858,Robert Lewandowski,15,missedChance,0
293844,Robert Lewandowski,15,offside,3
293862,Robert Lewandowski,15,ownGoal,0
293845,Robert Lewandowski,15,pass,16
293846,Robert Lewandowski,15,penaltyGoal,1
293867,Robert Lewandowski,15,redCard,0
293870,Robert Lewandowski,15,savedPenalty,0
293866,Robert Lewandowski,15,secondYellowCard,0
293856,Robert Lewandowski,15,shotAtGoal,0
293847,Robert Lewandowski,15,successfulTackle,3
293848,Robert Lewandowski,15,superPass,1
293851,Robert Lewandowski,15,throwIn,0
293849,Robert Lewandowski,15,unsuccessfulPass,9
293857,Robert Lewandowski,15,unsuccessfulPenalty,0
293850,Robert Lewandowski,15,unsuccessfulTackle,4
293865,Robert Lewandowski,15,yellowCard,0
294827,Robert Lewandowski,16,awardedPenalty,0
294832,Robert Lewandowski,16,blockedGoalShot,0
294828,Robert Lewandowski,16,causedPenalty,0
294819,Robert Lewandowski,16,cross,0
294837,Robert Lewandowski,16,defended,0
294823,Robert Lewandowski,16,doublePack,0
294834,Robert Lewandowski,16,error,0
294818,Robert Lewandowski,16,farCorner,0
294806,Robert Lewandowski,16,foul,1
294820,Robert Lewandowski,16,freeKick,0
294807,Robert Lewandowski,16,goal,1
294838,Robert Lewandowski,16,goalAgainst,0
294817,Robert Lewandowski,16,goalAssist,0
294808,Robert Lewandowski,16,goalMissedFar,1
294824,Robert Lewandowski,16,hattrick,0
294809,Robert Lewandowski,16,interception,1
294836,Robert Lewandowski,16,lostPenalty,0
294822,Robert Lewandowski,16,missedChance,0
294833,Robert Lewandowski,16,offside,0
294826,Robert Lewandowski,16,ownGoal,0
294810,Robert Lewandowski,16,pass,16
294825,Robert Lewandowski,16,penaltyGoal,0
294831,Robert Lewandowski,16,redCard,0
294835,Robert Lewandowski,16,savedPenalty,0
294830,Robert Lewandowski,16,secondYellowCard,0
294811,Robert Lewandowski,16,shotAtGoal,3
294812,Robert Lewandowski,16,successfulTackle,8
294813,Robert Lewandowski,16,superPass,1
294816,Robert Lewandowski,16,throwIn,0
294814,Robert Lewandowski,16,unsuccessfulPass,5
294821,Robert Lewandowski,16,unsuccessfulPenalty,0
294815,Robert Lewandowski,16,unsuccessfulTackle,9
294829,Robert Lewandowski,16,yellowCard,0
295799,Robert Lewandowski,17,awardedPenalty,0
295804,Robert Lewandowski,17,blockedGoalShot,0
295800,Robert Lewandowski,17,causedPenalty,0
295791,Robert Lewandowski,17,cross,0
295808,Robert Lewandowski,17,defended,0
295796,Robert Lewandowski,17,doublePack,0
295805,Robert Lewandowski,17,error,0
295776,Robert Lewandowski,17,farCorner,1
295777,Robert Lewandowski,17,foul,1
295792,Robert Lewandowski,17,freeKick,0
295795,Robert Lewandowski,17,goal,0
295809,Robert Lewandowski,17,goalAgainst,0
295790,Robert Lewandowski,17,goalAssist,0
295778,Robert Lewandowski,17,goalMissedFar,1
295797,Robert Lewandowski,17,hattrick,0
295793,Robert Lewandowski,17,interception,0
295807,Robert Lewandowski,17,lostPenalty,0
295779,Robert Lewandowski,17,missedChance,1
295780,Robert Lewandowski,17,offside,1
295798,Robert Lewandowski,17,ownGoal,0
295781,Robert Lewandowski,17,pass,16
295782,Robert Lewandowski,17,penaltyGoal,1
295783,Robert Lewandowski,17,playerOff,1
295803,Robert Lewandowski,17,redCard,0
295806,Robert Lewandowski,17,savedPenalty,0
295802,Robert Lewandowski,17,secondYellowCard,0
295784,Robert Lewandowski,17,shotAtGoal,2
295785,Robert Lewandowski,17,successfulTackle,1
295788,Robert Lewandowski,17,superPass,0
295789,Robert Lewandowski,17,throwIn,0
295786,Robert Lewandowski,17,unsuccessfulPass,5
295794,Robert Lewandowski,17,unsuccessfulPenalty,0
295787,Robert Lewandowski,17,unsuccessfulTackle,3
295801,Robert Lewandowski,17,yellowCard,0
296764,Robert Lewandowski,18,awardedPenalty,0
296769,Robert Lewandowski,18,blockedGoalShot,0
296765,Robert Lewandowski,18,causedPenalty,0
296742,Robert Lewandowski,18,cross,1
296774,Robert Lewandowski,18,defended,0
296759,Robert Lewandowski,18,doublePack,0
296771,Robert Lewandowski,18,error,0
296754,Robert Lewandowski,18,farCorner,0
296763,Robert Lewandowski,18,foul,0
296755,Robert Lewandowski,18,freeKick,0
296743,Robert Lewandowski,18,goal,1
296775,Robert Lewandowski,18,goalAgainst,0
296753,Robert Lewandowski,18,goalAssist,0
296744,Robert Lewandowski,18,goalMissedFar,1
296760,Robert Lewandowski,18,hattrick,0
296756,Robert Lewandowski,18,interception,0
296773,Robert Lewandowski,18,lostPenalty,0
296758,Robert Lewandowski,18,missedChance,0
296770,Robert Lewandowski,18,offside,0
296762,Robert Lewandowski,18,ownGoal,0
296745,Robert Lewandowski,18,pass,16
296761,Robert Lewandowski,18,penaltyGoal,0
296746,Robert Lewandowski,18,playerOff,1
296768,Robert Lewandowski,18,redCard,0
296772,Robert Lewandowski,18,savedPenalty,0
296767,Robert Lewandowski,18,secondYellowCard,0
296747,Robert Lewandowski,18,shotAtGoal,2
296748,Robert Lewandowski,18,successfulTackle,3
296751,Robert Lewandowski,18,superPass,0
296752,Robert Lewandowski,18,throwIn,0
296749,Robert Lewandowski,18,unsuccessfulPass,7
296757,Robert Lewandowski,18,unsuccessfulPenalty,0
296750,Robert Lewandowski,18,unsuccessfulTackle,5
296766,Robert Lewandowski,18,yellowCard,0
297734,Robert Lewandowski,19,awardedPenalty,0
297740,Robert Lewandowski,19,blockedGoalShot,0
297735,Robert Lewandowski,19,causedPenalty,0
297724,Robert Lewandowski,19,cross,0
297744,Robert Lewandowski,19,defended,0
297730,Robert Lewandowski,19,doublePack,0
297741,Robert Lewandowski,19,error,0
297723,Robert Lewandowski,19,farCorner,0
297713,Robert Lewandowski,19,foul,2
297725,Robert Lewandowski,19,freeKick,0
297714,Robert Lewandowski,19,goal,1
297745,Robert Lewandowski,19,goalAgainst,0
297722,Robert Lewandowski,19,goalAssist,0
297726,Robert Lewandowski,19,goalMissedFar,0
297731,Robert Lewandowski,19,hattrick,0
297715,Robert Lewandowski,19,interception,1
297743,Robert Lewandowski,19,lostPenalty,0
297729,Robert Lewandowski,19,missedChance,0
297716,Robert Lewandowski,19,offside,1
297733,Robert Lewandowski,19,ownGoal,0
297717,Robert Lewandowski,19,pass,22
297732,Robert Lewandowski,19,penaltyGoal,0
297738,Robert Lewandowski,19,redCard,0
297742,Robert Lewandowski,19,savedPenalty,0
297737,Robert Lewandowski,19,secondYellowCard,0
297727,Robert Lewandowski,19,shotAtGoal,0
297739,Robert Lewandowski,19,successfulTackle,0
297720,Robert Lewandowski,19,superPass,0
297721,Robert Lewandowski,19,throwIn,0
297718,Robert Lewandowski,19,unsuccessfulPass,7
297728,Robert Lewandowski,19,unsuccessfulPenalty,0
297719,Robert Lewandowski,19,unsuccessfulTackle,2
297736,Robert Lewandowski,19,yellowCard,0
298699,Robert Lewandowski,20,awardedPenalty,0
298704,Robert Lewandowski,20,blockedGoalShot,0
298700,Robert Lewandowski,20,causedPenalty,0
298689,Robert Lewandowski,20,cross,0
298708,Robert Lewandowski,20,defended,0
298694,Robert Lewandowski,20,doublePack,0
298705,Robert Lewandowski,20,error,0
298688,Robert Lewandowski,20,farCorner,0
298698,Robert Lewandowski,20,foul,0
298690,Robert Lewandowski,20,freeKick,0
298693,Robert Lewandowski,20,goal,0
298709,Robert Lewandowski,20,goalAgainst,0
298687,Robert Lewandowski,20,goalAssist,0
298677,Robert Lewandowski,20,goalMissedFar,4
298695,Robert Lewandowski,20,hattrick,0
298691,Robert Lewandowski,20,interception,0
298707,Robert Lewandowski,20,lostPenalty,0
298692,Robert Lewandowski,20,missedChance,0
298678,Robert Lewandowski,20,offside,1
298697,Robert Lewandowski,20,ownGoal,0
298679,Robert Lewandowski,20,pass,19
298696,Robert Lewandowski,20,penaltyGoal,0
298703,Robert Lewandowski,20,redCard,0
298706,Robert Lewandowski,20,savedPenalty,0
298702,Robert Lewandowski,20,secondYellowCard,0
298680,Robert Lewandowski,20,shotAtGoal,1
298681,Robert Lewandowski,20,successfulTackle,5
298682,Robert Lewandowski,20,superPass,2
298686,Robert Lewandowski,20,throwIn,0
298683,Robert Lewandowski,20,unsuccessfulPass,4
298684,Robert Lewandowski,20,unsuccessfulPenalty,1
298685,Robert Lewandowski,20,unsuccessfulTackle,4
298701,Robert Lewandowski,20,yellowCard,0
299658,Robert Lewandowski,21,awardedPenalty,0
299663,Robert Lewandowski,21,blockedGoalShot,0
299659,Robert Lewandowski,21,causedPenalty,0
299650,Robert Lewandowski,21,cross,0
299668,Robert Lewandowski,21,defended,0
299654,Robert Lewandowski,21,doublePack,0
299665,Robert Lewandowski,21,error,0
299649,Robert Lewandowski,21,farCorner,0
299637,Robert Lewandowski,21,foul,1
299651,Robert Lewandowski,21,freeKick,0
299638,Robert Lewandowski,21,goal,1
299669,Robert Lewandowski,21,goalAgainst,0
299648,Robert Lewandowski,21,goalAssist,0
299639,Robert Lewandowski,21,goalMissedFar,1
299655,Robert Lewandowski,21,hattrick,0
299652,Robert Lewandowski,21,interception,0
299667,Robert Lewandowski,21,lostPenalty,0
299640,Robert Lewandowski,21,missedChance,1
299664,Robert Lewandowski,21,offside,0
299657,Robert Lewandowski,21,ownGoal,0
299641,Robert Lewandowski,21,pass,20
299656,Robert Lewandowski,21,penaltyGoal,0
299662,Robert Lewandowski,21,redCard,0
299666,Robert Lewandowski,21,savedPenalty,0
299661,Robert Lewandowski,21,secondYellowCard,0
299642,Robert Lewandowski,21,shotAtGoal,2
299643,Robert Lewandowski,21,successfulTackle,6
299646,Robert Lewandowski,21,superPass,0
299647,Robert Lewandowski,21,throwIn,0
299644,Robert Lewandowski,21,unsuccessfulPass,4
299653,Robert Lewandowski,21,unsuccessfulPenalty,0
299645,Robert Lewandowski,21,unsuccessfulTackle,10
299660,Robert Lewandowski,21,yellowCard,0
300624,Robert Lewandowski,22,awardedPenalty,0
300629,Robert Lewandowski,22,blockedGoalShot,0
300625,Robert Lewandowski,22,causedPenalty,0
300614,Robert Lewandowski,22,cross,0
300633,Robert Lewandowski,22,defended,0
300620,Robert Lewandowski,22,doublePack,0
300630,Robert Lewandowski,22,error,0
300613,Robert Lewandowski,22,farCorner,0
300602,Robert Lewandowski,22,foul,3
300615,Robert Lewandowski,22,freeKick,0
300603,Robert Lewandowski,22,goal,1
300634,Robert Lewandowski,22,goalAgainst,0
300612,Robert Lewandowski,22,goalAssist,0
300604,Robert Lewandowski,22,goalMissedFar,1
300621,Robert Lewandowski,22,hattrick,0
300616,Robert Lewandowski,22,interception,0
300632,Robert Lewandowski,22,lostPenalty,0
300619,Robert Lewandowski,22,missedChance,0
300605,Robert Lewandowski,22,offside,1
300623,Robert Lewandowski,22,ownGoal,0
300606,Robert Lewandowski,22,pass,18
300622,Robert Lewandowski,22,penaltyGoal,0
300628,Robert Lewandowski,22,redCard,0
300631,Robert Lewandowski,22,savedPenalty,0
300627,Robert Lewandowski,22,secondYellowCard,0
300617,Robert Lewandowski,22,shotAtGoal,0
300607,Robert Lewandowski,22,successfulTackle,3
300608,Robert Lewandowski,22,superPass,2
300611,Robert Lewandowski,22,throwIn,0
300609,Robert Lewandowski,22,unsuccessfulPass,5
300618,Robert Lewandowski,22,unsuccessfulPenalty,0
300610,Robert Lewandowski,22,unsuccessfulTackle,6
300626,Robert Lewandowski,22,yellowCard,0
301587,Robert Lewandowski,23,awardedPenalty,0
301593,Robert Lewandowski,23,blockedGoalShot,0
301588,Robert Lewandowski,23,causedPenalty,0
301566,Robert Lewandowski,23,cross,1
301597,Robert Lewandowski,23,defended,0
301567,Robert Lewandowski,23,doublePack,1
301594,Robert Lewandowski,23,error,0
301578,Robert Lewandowski,23,farCorner,0
301586,Robert Lewandowski,23,foul,0
301579,Robert Lewandowski,23,freeKick,0
301568,Robert Lewandowski,23,goal,2
301598,Robert Lewandowski,23,goalAgainst,0
301577,Robert Lewandowski,23,goalAssist,0
301580,Robert Lewandowski,23,goalMissedFar,0
301583,Robert Lewandowski,23,hattrick,0
301569,Robert Lewandowski,23,interception,1
301596,Robert Lewandowski,23,lostPenalty,0
301582,Robert Lewandowski,23,missedChance,0
301570,Robert Lewandowski,23,offside,1
301585,Robert Lewandowski,23,ownGoal,0
301571,Robert Lewandowski,23,pass,14
301584,Robert Lewandowski,23,penaltyGoal,0
301591,Robert Lewandowski,23,redCard,0
301595,Robert Lewandowski,23,savedPenalty,0
301590,Robert Lewandowski,23,secondYellowCard,0
301572,Robert Lewandowski,23,shotAtGoal,1
301573,Robert Lewandowski,23,successfulTackle,2
301575,Robert Lewandowski,23,superPass,0
301576,Robert Lewandowski,23,throwIn,0
301574,Robert Lewandowski,23,unsuccessfulPass,7
301581,Robert Lewandowski,23,unsuccessfulPenalty,0
301592,Robert Lewandowski,23,unsuccessfulTackle,0
301589,Robert Lewandowski,23,yellowCard,0
302553,Robert Lewandowski,24,awardedPenalty,0
302557,Robert Lewandowski,24,blockedGoalShot,0
302554,Robert Lewandowski,24,causedPenalty,0
302548,Robert Lewandowski,24,cross,0
302562,Robert Lewandowski,24,defended,0
302531,Robert Lewandowski,24,doublePack,1
302559,Robert Lewandowski,24,error,0
302547,Robert Lewandowski,24,farCorner,0
302532,Robert Lewandowski,24,foul,2
302549,Robert Lewandowski,24,freeKick,0
302533,Robert Lewandowski,24,goal,2
302563,Robert Lewandowski,24,goalAgainst,0
302546,Robert Lewandowski,24,goalAssist,0
302534,Robert Lewandowski,24,goalMissedFar,2
302535,Robert Lewandowski,24,hattrick,1
302536,Robert Lewandowski,24,interception,1
302561,Robert Lewandowski,24,lostPenalty,0
302551,Robert Lewandowski,24,missedChance,0
302558,Robert Lewandowski,24,offside,0
302552,Robert Lewandowski,24,ownGoal,0
302537,Robert Lewandowski,24,pass,18
302538,Robert Lewandowski,24,penaltyGoal,1
302556,Robert Lewandowski,24,redCard,0
302560,Robert Lewandowski,24,savedPenalty,0
302555,Robert Lewandowski,24,secondYellowCard,0
302539,Robert Lewandowski,24,shotAtGoal,4
302540,Robert Lewandowski,24,successfulTackle,2
302541,Robert Lewandowski,24,superPass,1
302545,Robert Lewandowski,24,throwIn,0
302542,Robert Lewandowski,24,unsuccessfulPass,5
302550,Robert Lewandowski,24,unsuccessfulPenalty,0
302543,Robert Lewandowski,24,unsuccessfulTackle,4
302544,Robert Lewandowski,24,yellowCard,1
303521,Robert Lewandowski,25,awardedPenalty,0
303526,Robert Lewandowski,25,blockedGoalShot,0
303522,Robert Lewandowski,25,causedPenalty,0
303498,Robert Lewandowski,25,cross,1
303530,Robert Lewandowski,25,defended,0
303517,Robert Lewandowski,25,doublePack,0
303527,Robert Lewandowski,25,error,0
303513,Robert Lewandowski,25,farCorner,0
303499,Robert Lewandowski,25,foul,1
303514,Robert Lewandowski,25,freeKick,0
303500,Robert Lewandowski,25,goal,1
303531,Robert Lewandowski,25,goalAgainst,0
303512,Robert Lewandowski,25,goalAssist,0
303501,Robert Lewandowski,25,goalMissedFar,1
303518,Robert Lewandowski,25,hattrick,0
303502,Robert Lewandowski,25,interception,1
303529,Robert Lewandowski,25,lostPenalty,0
303516,Robert Lewandowski,25,missedChance,0
303503,Robert Lewandowski,25,offside,2
303520,Robert Lewandowski,25,ownGoal,0
303504,Robert Lewandowski,25,pass,17
303519,Robert Lewandowski,25,penaltyGoal,0
303505,Robert Lewandowski,25,playerOff,1
303525,Robert Lewandowski,25,redCard,0
303528,Robert Lewandowski,25,savedPenalty,0
303524,Robert Lewandowski,25,secondYellowCard,0
303506,Robert Lewandowski,25,shotAtGoal,6
303507,Robert Lewandowski,25,successfulTackle,4
303510,Robert Lewandowski,25,superPass,0
303511,Robert Lewandowski,25,throwIn,0
303508,Robert Lewandowski,25,unsuccessfulPass,6
303515,Robert Lewandowski,25,unsuccessfulPenalty,0
303509,Robert Lewandowski,25,unsuccessfulTackle,5
303523,Robert Lewandowski,25,yellowCard,0
304485,Robert Lewandowski,26,awardedPenalty,0
304490,Robert Lewandowski,26,blockedGoalShot,0
304486,Robert Lewandowski,26,causedPenalty,0
304477,Robert Lewandowski,26,cross,0
304495,Robert Lewandowski,26,defended,0
304463,Robert Lewandowski,26,doublePack,1
304492,Robert Lewandowski,26,error,0
304476,Robert Lewandowski,26,farCorner,0
304464,Robert Lewandowski,26,foul,2
304478,Robert Lewandowski,26,freeKick,0
304465,Robert Lewandowski,26,goal,3
304496,Robert Lewandowski,26,goalAgainst,0
304475,Robert Lewandowski,26,goalAssist,0
304480,Robert Lewandowski,26,goalMissedFar,0
304466,Robert Lewandowski,26,hattrick,1
304479,Robert Lewandowski,26,interception,0
304494,Robert Lewandowski,26,lostPenalty,0
304467,Robert Lewandowski,26,missedChance,1
304491,Robert Lewandowski,26,offside,0
304484,Robert Lewandowski,26,ownGoal,0
304468,Robert Lewandowski,26,pass,16
304483,Robert Lewandowski,26,penaltyGoal,0
304469,Robert Lewandowski,26,playerOff,1
304489,Robert Lewandowski,26,redCard,0
304493,Robert Lewandowski,26,savedPenalty,0
304488,Robert Lewandowski,26,secondYellowCard,0
304481,Robert Lewandowski,26,shotAtGoal,0
304470,Robert Lewandowski,26,successfulTackle,3
304471,Robert Lewandowski,26,superPass,1
304474,Robert Lewandowski,26,throwIn,0
304472,Robert Lewandowski,26,unsuccessfulPass,8
304482,Robert Lewandowski,26,unsuccessfulPenalty,0
304473,Robert Lewandowski,26,unsuccessfulTackle,5
304487,Robert Lewandowski,26,yellowCard,0
305448,Robert Lewandowski,27,awardedPenalty,0
305455,Robert Lewandowski,27,blockedGoalShot,0
305449,Robert Lewandowski,27,causedPenalty,0
305435,Robert Lewandowski,27,cross,0
305460,Robert Lewandowski,27,defended,0
305443,Robert Lewandowski,27,doublePack,0
305457,Robert Lewandowski,27,error,0
305434,Robert Lewandowski,27,farCorner,0
305447,Robert Lewandowski,27,foul,0
305436,Robert Lewandowski,27,freeKick,0
305442,Robert Lewandowski,27,goal,0
305461,Robert Lewandowski,27,goalAgainst,0
305433,Robert Lewandowski,27,goalAssist,0
305438,Robert Lewandowski,27,goalMissedFar,0
305444,Robert Lewandowski,27,hattrick,0
305437,Robert Lewandowski,27,interception,0
305459,Robert Lewandowski,27,lostPenalty,0
305441,Robert Lewandowski,27,missedChance,0
305456,Robert Lewandowski,27,offside,0
305446,Robert Lewandowski,27,ownGoal,0
305429,Robert Lewandowski,27,pass,0
305445,Robert Lewandowski,27,penaltyGoal,0
305452,Robert Lewandowski,27,redCard,0
305458,Robert Lewandowski,27,savedPenalty,0
305451,Robert Lewandowski,27,secondYellowCard,0
305439,Robert Lewandowski,27,shotAtGoal,0
305453,Robert Lewandowski,27,successfulTackle,0
305431,Robert Lewandowski,27,superPass,0
305432,Robert Lewandowski,27,throwIn,0
305430,Robert Lewandowski,27,unsuccessfulPass,0
305440,Robert Lewandowski,27,unsuccessfulPenalty,0
305454,Robert Lewandowski,27,unsuccessfulTackle,0
305450,Robert Lewandowski,27,yellowCard,0
306414,Robert Lewandowski,28,awardedPenalty,0
306421,Robert Lewandowski,28,blockedGoalShot,0
306415,Robert Lewandowski,28,causedPenalty,0
306401,Robert Lewandowski,28,cross,0
306426,Robert Lewandowski,28,defended,0
306409,Robert Lewandowski,28,doublePack,0
306423,Robert Lewandowski,28,error,0
306400,Robert Lewandowski,28,farCorner,0
306413,Robert Lewandowski,28,foul,0
306402,Robert Lewandowski,28,freeKick,0
306408,Robert Lewandowski,28,goal,0
306427,Robert Lewandowski,28,goalAgainst,0
306399,Robert Lewandowski,28,goalAssist,0
306404,Robert Lewandowski,28,goalMissedFar,0
306410,Robert Lewandowski,28,hattrick,0
306403,Robert Lewandowski,28,interception,0
306425,Robert Lewandowski,28,lostPenalty,0
306407,Robert Lewandowski,28,missedChance,0
306422,Robert Lewandowski,28,offside,0
306412,Robert Lewandowski,28,ownGoal,0
306395,Robert Lewandowski,28,pass,0
306411,Robert Lewandowski,28,penaltyGoal,0
306418,Robert Lewandowski,28,redCard,0
306424,Robert Lewandowski,28,savedPenalty,0
306417,Robert Lewandowski,28,secondYellowCard,0
306405,Robert Lewandowski,28,shotAtGoal,0
306419,Robert Lewandowski,28,successfulTackle,0
306397,Robert Lewandowski,28,superPass,0
306398,Robert Lewandowski,28,throwIn,0
306396,Robert Lewandowski,28,unsuccessfulPass,0
306406,Robert Lewandowski,28,unsuccessfulPenalty,0
306420,Robert Lewandowski,28,unsuccessfulTackle,0
306416,Robert Lewandowski,28,yellowCard,0
307378,Robert Lewandowski,29,awardedPenalty,0
307385,Robert Lewandowski,29,blockedGoalShot,0
307379,Robert Lewandowski,29,causedPenalty,0
307365,Robert Lewandowski,29,cross,0
307390,Robert Lewandowski,29,defended,0
307373,Robert Lewandowski,29,doublePack,0
307387,Robert Lewandowski,29,error,0
307364,Robert Lewandowski,29,farCorner,0
307377,Robert Lewandowski,29,foul,0
307366,Robert Lewandowski,29,freeKick,0
307372,Robert Lewandowski,29,goal,0
307391,Robert Lewandowski,29,goalAgainst,0
307363,Robert Lewandowski,29,goalAssist,0
307368,Robert Lewandowski,29,goalMissedFar,0
307374,Robert Lewandowski,29,hattrick,0
307367,Robert Lewandowski,29,interception,0
307389,Robert Lewandowski,29,lostPenalty,0
307371,Robert Lewandowski,29,missedChance,0
307386,Robert Lewandowski,29,offside,0
307376,Robert Lewandowski,29,ownGoal,0
307359,Robert Lewandowski,29,pass,0
307375,Robert Lewandowski,29,penaltyGoal,0
307382,Robert Lewandowski,29,redCard,0
307388,Robert Lewandowski,29,savedPenalty,0
307381,Robert Lewandowski,29,secondYellowCard,0
307369,Robert Lewandowski,29,shotAtGoal,0
307383,Robert Lewandowski,29,successfulTackle,0
307361,Robert Lewandowski,29,superPass,0
307362,Robert Lewandowski,29,throwIn,0
307360,Robert Lewandowski,29,unsuccessfulPass,0
307370,Robert Lewandowski,29,unsuccessfulPenalty,0
307384,Robert Lewandowski,29,unsuccessfulTackle,0
307380,Robert Lewandowski,29,yellowCard,0
308344,Robert Lewandowski,30,awardedPenalty,0
308351,Robert Lewandowski,30,blockedGoalShot,0
308345,Robert Lewandowski,30,causedPenalty,0
308331,Robert Lewandowski,30,cross,0
308356,Robert Lewandowski,30,defended,0
308339,Robert Lewandowski,30,doublePack,0
308353,Robert Lewandowski,30,error,0
308330,Robert Lewandowski,30,farCorner,0
308343,Robert Lewandowski,30,foul,0
308332,Robert Lewandowski,30,freeKick,0
308338,Robert Lewandowski,30,goal,0
308357,Robert Lewandowski,30,goalAgainst,0
308329,Robert Lewandowski,30,goalAssist,0
308334,Robert Lewandowski,30,goalMissedFar,0
308340,Robert Lewandowski,30,hattrick,0
308333,Robert Lewandowski,30,interception,0
308355,Robert Lewandowski,30,lostPenalty,0
308337,Robert Lewandowski,30,missedChance,0
308352,Robert Lewandowski,30,offside,0
308342,Robert Lewandowski,30,ownGoal,0
308325,Robert Lewandowski,30,pass,0
308341,Robert Lewandowski,30,penaltyGoal,0
308348,Robert Lewandowski,30,redCard,0
308354,Robert Lewandowski,30,savedPenalty,0
308347,Robert Lewandowski,30,secondYellowCard,0
308335,Robert Lewandowski,30,shotAtGoal,0
308349,Robert Lewandowski,30,successfulTackle,0
308327,Robert Lewandowski,30,superPass,0
308328,Robert Lewandowski,30,throwIn,0
308326,Robert Lewandowski,30,unsuccessfulPass,0
308336,Robert Lewandowski,30,unsuccessfulPenalty,0
308350,Robert Lewandowski,30,unsuccessfulTackle,0
308346,Robert Lewandowski,30,yellowCard,0
309313,Robert Lewandowski,31,awardedPenalty,0
309317,Robert Lewandowski,31,blockedGoalShot,0
309314,Robert Lewandowski,31,causedPenalty,0
309304,Robert Lewandowski,31,cross,0
309322,Robert Lewandowski,31,defended,0
309309,Robert Lewandowski,31,doublePack,0
309319,Robert Lewandowski,31,error,0
309303,Robert Lewandowski,31,farCorner,0
309291,Robert Lewandowski,31,foul,3
309305,Robert Lewandowski,31,freeKick,0
309292,Robert Lewandowski,31,goal,1
309323,Robert Lewandowski,31,goalAgainst,0
309302,Robert Lewandowski,31,goalAssist,0
309293,Robert Lewandowski,31,goalMissedFar,1
309310,Robert Lewandowski,31,hattrick,0
309306,Robert Lewandowski,31,interception,0
309321,Robert Lewandowski,31,lostPenalty,0
309308,Robert Lewandowski,31,missedChance,0
309318,Robert Lewandowski,31,offside,0
309312,Robert Lewandowski,31,ownGoal,0
309294,Robert Lewandowski,31,pass,11
309311,Robert Lewandowski,31,penaltyGoal,0
309316,Robert Lewandowski,31,redCard,0
309320,Robert Lewandowski,31,savedPenalty,0
309315,Robert Lewandowski,31,secondYellowCard,0
309295,Robert Lewandowski,31,shotAtGoal,1
309296,Robert Lewandowski,31,successfulTackle,3
309300,Robert Lewandowski,31,superPass,0
309301,Robert Lewandowski,31,throwIn,0
309297,Robert Lewandowski,31,unsuccessfulPass,4
309307,Robert Lewandowski,31,unsuccessfulPenalty,0
309298,Robert Lewandowski,31,unsuccessfulTackle,7
309299,Robert Lewandowski,31,yellowCard,1
310281,Robert Lewandowski,32,awardedPenalty,0
310258,Robert Lewandowski,32,blockedGoalShot,1
310282,Robert Lewandowski,32,causedPenalty,0
310275,Robert Lewandowski,32,cross,0
310289,Robert Lewandowski,32,defended,0
310259,Robert Lewandowski,32,doublePack,1
310286,Robert Lewandowski,32,error,0
310274,Robert Lewandowski,32,farCorner,0
310280,Robert Lewandowski,32,foul,0
310276,Robert Lewandowski,32,freeKick,0
310260,Robert Lewandowski,32,goal,2
310290,Robert Lewandowski,32,goalAgainst,0
310261,Robert Lewandowski,32,goalAssist,1
310262,Robert Lewandowski,32,goalMissedFar,3
310263,Robert Lewandowski,32,hattrick,1
310264,Robert Lewandowski,32,interception,1
310288,Robert Lewandowski,32,lostPenalty,0
310278,Robert Lewandowski,32,missedChance,0
310265,Robert Lewandowski,32,offside,2
310279,Robert Lewandowski,32,ownGoal,0
310266,Robert Lewandowski,32,pass,20
310267,Robert Lewandowski,32,penaltyGoal,1
310285,Robert Lewandowski,32,redCard,0
310287,Robert Lewandowski,32,savedPenalty,0
310284,Robert Lewandowski,32,secondYellowCard,0
310268,Robert Lewandowski,32,shotAtGoal,2
310269,Robert Lewandowski,32,successfulTackle,7
310270,Robert Lewandowski,32,superPass,1
310273,Robert Lewandowski,32,throwIn,0
310271,Robert Lewandowski,32,unsuccessfulPass,6
310277,Robert Lewandowski,32,unsuccessfulPenalty,0
310272,Robert Lewandowski,32,unsuccessfulTackle,5
310283,Robert Lewandowski,32,yellowCard,0
279389,Robert Lewandowski,33,awardedPenalty,0
279394,Robert Lewandowski,33,blockedGoalShot,0
279390,Robert Lewandowski,33,causedPenalty,0
279380,Robert Lewandowski,33,cross,0
279398,Robert Lewandowski,33,defended,0
279385,Robert Lewandowski,33,doublePack,0
279395,Robert Lewandowski,33,error,0
279379,Robert Lewandowski,33,farCorner,0
279388,Robert Lewandowski,33,foul,0
279381,Robert Lewandowski,33,freeKick,0
279384,Robert Lewandowski,33,goal,0
279399,Robert Lewandowski,33,goalAgainst,0
279378,Robert Lewandowski,33,goalAssist,0
279367,Robert Lewandowski,33,goalMissedFar,1
279386,Robert Lewandowski,33,hattrick,0
279368,Robert Lewandowski,33,interception,1
279397,Robert Lewandowski,33,lostPenalty,0
279383,Robert Lewandowski,33,missedChance,0
279369,Robert Lewandowski,33,offside,1
279387,Robert Lewandowski,33,ownGoal,0
279370,Robert Lewandowski,33,pass,15
279371,Robert Lewandowski,33,penaltyGoal,1
279393,Robert Lewandowski,33,redCard,0
279396,Robert Lewandowski,33,savedPenalty,0
279392,Robert Lewandowski,33,secondYellowCard,0
279372,Robert Lewandowski,33,shotAtGoal,5
279373,Robert Lewandowski,33,successfulTackle,2
279374,Robert Lewandowski,33,superPass,1
279377,Robert Lewandowski,33,throwIn,0
279375,Robert Lewandowski,33,unsuccessfulPass,7
279382,Robert Lewandowski,33,unsuccessfulPenalty,0
279376,Robert Lewandowski,33,unsuccessfulTackle,2
279391,Robert Lewandowski,33,yellowCard,0
311247,Robert Lewandowski,34,awardedPenalty,0
311252,Robert Lewandowski,34,blockedGoalShot,0
311248,Robert Lewandowski,34,causedPenalty,0
311237,Robert Lewandowski,34,cross,0
311256,Robert Lewandowski,34,defended,0
311242,Robert Lewandowski,34,doublePack,0
311253,Robert Lewandowski,34,error,0
311236,Robert Lewandowski,34,farCorner,0
311246,Robert Lewandowski,34,foul,0
311238,Robert Lewandowski,34,freeKick,0
311225,Robert Lewandowski,34,goal,1
311257,Robert Lewandowski,34,goalAgainst,0
311235,Robert Lewandowski,34,goalAssist,0
311226,Robert Lewandowski,34,goalMissedFar,3
311243,Robert Lewandowski,34,hattrick,0
311239,Robert Lewandowski,34,interception,0
311255,Robert Lewandowski,34,lostPenalty,0
311241,Robert Lewandowski,34,missedChance,0
311227,Robert Lewandowski,34,offside,1
311245,Robert Lewandowski,34,ownGoal,0
311228,Robert Lewandowski,34,pass,22
311244,Robert Lewandowski,34,penaltyGoal,0
311251,Robert Lewandowski,34,redCard,0
311254,Robert Lewandowski,34,savedPenalty,0
311250,Robert Lewandowski,34,secondYellowCard,0
311229,Robert Lewandowski,34,shotAtGoal,8
311230,Robert Lewandowski,34,successfulTackle,11
311233,Robert Lewandowski,34,superPass,0
311234,Robert Lewandowski,34,throwIn,0
311231,Robert Lewandowski,34,unsuccessfulPass,3
311240,Robert Lewandowski,34,unsuccessfulPenalty,0
311232,Robert Lewandowski,34,unsuccessfulTackle,3
311249,Robert Lewandowski,34,yellowCard,0
