team_name,matchday,is_home,odds_win,odds_draw,odds_lose,club_id
Werder Bremen,20,False,2.3,3.19,3.31,4f9c979f-4120-5d67-b1fa-b0e90aeeaba8
Bielefeld,20,True,3.31,3.19,2.3,73ee6a0e-0e72-5993-b428-dab897667a53
Hertha,29,False,2.89,3.49,2.41,aaa94999-1b29-5f1e-89e8-1a6441933f80
Hertha,30,True,2.03,3.61,3.62,aaa94999-1b29-5f1e-89e8-1a6441933f80
Hertha,31,False,1.45,4.67,7.0,aaa94999-1b29-5f1e-89e8-1a6441933f80
Mainz,29,True,2.41,3.49,2.89,e6c49a1f-35e4-5c77-b845-c71eb4dea7ce
Freiburg,30,False,3.62,3.61,2.03,f00a785b-acfa-5dc4-aecb-93f365778e10
Schalke 04,31,True,7.0,4.67,1.45,fd8cfc66-dd84-575a-af56-a5d987ca63e4
Stuttgart,1,True,2.26,3.48,3.16,45bfb2cb-63e8-583a-b80f-0e0ab042076c
M'gladbach,1,False,4.91,4.36,1.63,4b2b1b8b-a72c-5732-b3b0-fb9ef6459716
Werder Bremen,1,True,2.62,3.48,2.64,4f9c979f-4120-5d67-b1fa-b0e90aeeaba8
Hoffenheim,1,False,2.59,3.6,2.6,57a1fdd6-7909-5651-bab2-8f7a70219d06
RB Leipzig,1,True,1.37,5.48,7.5,5df62268-f904-5f9b-8de4-1eb87d07d4e2
Bielefeld,1,False,4.91,4.19,1.65,73ee6a0e-0e72-5993-b428-dab897667a53
Ein Frankfurt,1,True,1.65,4.19,4.91,7cdf1033-912b-5fcf-a1bb-2dfe0cc7aa4e
Bayern Munich,1,True,1.09,11.59,24.69,8cbdc111-c8f5-562f-bd1e-3c2ad3c5009b
Augsburg,1,False,3.19,3.25,2.34,921bf337-4304-5c3d-8092-b404cdceff6c
Hertha,1,False,2.64,3.48,2.62,aaa94999-1b29-5f1e-89e8-1a6441933f80
Leverkusen,1,False,2.43,3.44,2.89,abee2e16-c361-5d60-93ac-437af3739580
Dortmund,1,True,1.63,4.36,4.91,ba18834e-16b3-544b-9976-ac5b86b7bd4b
FC Koln,1,True,2.6,3.6,2.59,cf742159-06c0-554e-8479-a1a5700445bb
Union Berlin,1,True,2.34,3.25,3.19,d80f9ee5-1188-5302-a790-e61352fc45d4
Wolfsburg,1,True,2.89,3.44,2.43,d9470353-f1e4-5c01-a882-c69422a604b6
Mainz,1,False,7.5,5.48,1.37,e6c49a1f-35e4-5c77-b845-c71eb4dea7ce
Freiburg,1,False,3.16,3.48,2.26,f00a785b-acfa-5dc4-aecb-93f365778e10
Schalke 04,1,False,24.69,11.59,1.09,fd8cfc66-dd84-575a-af56-a5d987ca63e4
Stuttgart,2,False,2.84,3.53,2.42,45bfb2cb-63e8-583a-b80f-0e0ab042076c
M'gladbach,2,True,1.44,4.61,7.3,4b2b1b8b-a72c-5732-b3b0-fb9ef6459716
Werder Bremen,2,False,2.74,3.44,2.55,4f9c979f-4120-5d67-b1fa-b0e90aeeaba8
Hoffenheim,2,True,10.51,6.93,1.23,57a1fdd6-7909-5651-bab2-8f7a70219d06
RB Leipzig,2,False,2.25,3.65,3.03,5df62268-f904-5f9b-8de4-1eb87d07d4e2
Bielefeld,2,True,2.71,3.52,2.53,73ee6a0e-0e72-5993-b428-dab897667a53
Ein Frankfurt,2,False,2.96,3.75,2.28,7cdf1033-912b-5fcf-a1bb-2dfe0cc7aa4e
Bayern Munich,2,False,1.23,6.93,10.51,8cbdc111-c8f5-562f-bd1e-3c2ad3c5009b
Augsburg,2,True,6.99,4.82,1.43,921bf337-4304-5c3d-8092-b404cdceff6c
Hertha,2,True,2.28,3.75,2.96,aaa94999-1b29-5f1e-89e8-1a6441933f80
Leverkusen,2,True,3.03,3.65,2.25,abee2e16-c361-5d60-93ac-437af3739580
Dortmund,2,False,1.43,4.82,6.99,ba18834e-16b3-544b-9976-ac5b86b7bd4b
FC Koln,2,False,2.53,3.52,2.71,cf742159-06c0-554e-8479-a1a5700445bb
Union Berlin,2,False,7.3,4.61,1.44,d80f9ee5-1188-5302-a790-e61352fc45d4
Wolfsburg,2,False,2.3,3.45,3.06,d9470353-f1e4-5c01-a882-c69422a604b6
Mainz,2,True,2.42,3.53,2.84,e6c49a1f-35e4-5c77-b845-c71eb4dea7ce
Freiburg,2,True,3.06,3.45,2.3,f00a785b-acfa-5dc4-aecb-93f365778e10
Schalke 04,2,True,2.55,3.44,2.74,fd8cfc66-dd84-575a-af56-a5d987ca63e4
Stuttgart,3,True,3.7,3.93,1.91,45bfb2cb-63e8-583a-b80f-0e0ab042076c
M'gladbach,3,False,1.88,3.86,3.89,4b2b1b8b-a72c-5732-b3b0-fb9ef6459716
Werder Bremen,3,True,2.14,3.56,3.3,4f9c979f-4120-5d67-b1fa-b0e90aeeaba8
Hoffenheim,3,False,2.84,3.62,2.38,57a1fdd6-7909-5651-bab2-8f7a70219d06
RB Leipzig,3,True,1.26,6.14,10.84,5df62268-f904-5f9b-8de4-1eb87d07d4e2
Bielefeld,3,False,3.3,3.56,2.14,73ee6a0e-0e72-5993-b428-dab897667a53
Ein Frankfurt,3,True,2.38,3.62,2.84,7cdf1033-912b-5fcf-a1bb-2dfe0cc7aa4e
Bayern Munich,3,True,1.16,8.27,15.23,8cbdc111-c8f5-562f-bd1e-3c2ad3c5009b
Augsburg,3,False,3.66,3.56,2.02,921bf337-4304-5c3d-8092-b404cdceff6c
Hertha,3,False,15.23,8.27,1.16,aaa94999-1b29-5f1e-89e8-1a6441933f80
Leverkusen,3,False,1.91,3.93,3.7,abee2e16-c361-5d60-93ac-437af3739580
Dortmund,3,True,1.3,5.85,9.31,ba18834e-16b3-544b-9976-ac5b86b7bd4b
FC Koln,3,True,3.89,3.86,1.88,cf742159-06c0-554e-8479-a1a5700445bb
Union Berlin,3,True,2.14,3.56,3.37,d80f9ee5-1188-5302-a790-e61352fc45d4
Wolfsburg,3,True,2.02,3.56,3.66,d9470353-f1e4-5c01-a882-c69422a604b6
Mainz,3,False,3.37,3.56,2.14,e6c49a1f-35e4-5c77-b845-c71eb4dea7ce
Freiburg,3,False,9.31,5.85,1.3,f00a785b-acfa-5dc4-aecb-93f365778e10
Schalke 04,3,False,10.84,6.14,1.26,fd8cfc66-dd84-575a-af56-a5d987ca63e4
Stuttgart,4,False,3.33,3.81,2.06,45bfb2cb-63e8-583a-b80f-0e0ab042076c
M'gladbach,4,True,1.86,3.85,4.01,4b2b1b8b-a72c-5732-b3b0-fb9ef6459716
Werder Bremen,4,False,3.12,3.51,2.26,4f9c979f-4120-5d67-b1fa-b0e90aeeaba8
Hoffenheim,4,True,4.03,4.32,1.76,57a1fdd6-7909-5651-bab2-8f7a70219d06
RB Leipzig,4,False,1.53,4.52,5.76,5df62268-f904-5f9b-8de4-1eb87d07d4e2
Bielefeld,4,True,13.73,7.73,1.19,73ee6a0e-0e72-5993-b428-dab897667a53
Ein Frankfurt,4,False,2.13,3.78,3.16,7cdf1033-912b-5fcf-a1bb-2dfe0cc7aa4e
Bayern Munich,4,False,1.19,7.73,13.73,8cbdc111-c8f5-562f-bd1e-3c2ad3c5009b
Augsburg,4,True,5.76,4.52,1.53,921bf337-4304-5c3d-8092-b404cdceff6c
Hertha,4,True,2.06,3.81,3.33,aaa94999-1b29-5f1e-89e8-1a6441933f80
Leverkusen,4,False,1.61,4.35,5.13,abee2e16-c361-5d60-93ac-437af3739580
Dortmund,4,False,1.76,4.32,4.03,ba18834e-16b3-544b-9976-ac5b86b7bd4b
FC Koln,4,True,3.16,3.78,2.13,cf742159-06c0-554e-8479-a1a5700445bb
Union Berlin,4,False,2.59,3.23,2.82,d80f9ee5-1188-5302-a790-e61352fc45d4
Wolfsburg,4,False,4.01,3.85,1.86,d9470353-f1e4-5c01-a882-c69422a604b6
Mainz,4,True,5.13,4.35,1.61,e6c49a1f-35e4-5c77-b845-c71eb4dea7ce
Freiburg,4,True,2.26,3.51,3.12,f00a785b-acfa-5dc4-aecb-93f365778e10
Schalke 04,4,True,2.82,3.23,2.59,fd8cfc66-dd84-575a-af56-a5d987ca63e4
Stuttgart,5,True,1.92,3.91,3.75,45bfb2cb-63e8-583a-b80f-0e0ab042076c
M'gladbach,5,False,1.67,4.15,4.82,4b2b1b8b-a72c-5732-b3b0-fb9ef6459716
Werder Bremen,5,True,3.0,3.72,2.25,4f9c979f-4120-5d67-b1fa-b0e90aeeaba8
Hoffenheim,5,False,2.25,3.72,3.0,57a1fdd6-7909-5651-bab2-8f7a70219d06
RB Leipzig,5,True,1.47,4.78,6.34,5df62268-f904-5f9b-8de4-1eb87d07d4e2
Bielefeld,5,False,5.06,3.89,1.69,73ee6a0e-0e72-5993-b428-dab897667a53
Ein Frankfurt,5,False,11.2,7.26,1.22,7cdf1033-912b-5fcf-a1bb-2dfe0cc7aa4e
Bayern Munich,5,True,1.22,7.26,11.2,8cbdc111-c8f5-562f-bd1e-3c2ad3c5009b
Augsburg,5,False,5.07,4.18,1.64,921bf337-4304-5c3d-8092-b404cdceff6c
Hertha,5,False,6.34,4.78,1.47,aaa94999-1b29-5f1e-89e8-1a6441933f80
Leverkusen,5,True,1.64,4.18,5.07,abee2e16-c361-5d60-93ac-437af3739580
Dortmund,5,True,1.21,6.84,13.27,ba18834e-16b3-544b-9976-ac5b86b7bd4b
FC Koln,5,False,3.75,3.91,1.92,cf742159-06c0-554e-8479-a1a5700445bb
Union Berlin,5,True,2.27,3.41,3.16,d80f9ee5-1188-5302-a790-e61352fc45d4
Wolfsburg,5,True,1.69,3.89,5.06,d9470353-f1e4-5c01-a882-c69422a604b6
Mainz,5,True,4.82,4.15,1.67,e6c49a1f-35e4-5c77-b845-c71eb4dea7ce
Freiburg,5,False,3.16,3.41,2.27,f00a785b-acfa-5dc4-aecb-93f365778e10
Schalke 04,5,False,13.27,6.84,1.21,fd8cfc66-dd84-575a-af56-a5d987ca63e4
Stuttgart,6,False,2.23,3.61,3.15,45bfb2cb-63e8-583a-b80f-0e0ab042076c
M'gladbach,6,True,2.96,3.63,2.31,4b2b1b8b-a72c-5732-b3b0-fb9ef6459716
Werder Bremen,6,False,4.32,4.11,1.75,4f9c979f-4120-5d67-b1fa-b0e90aeeaba8
Hoffenheim,6,True,1.86,3.87,4.03,57a1fdd6-7909-5651-bab2-8f7a70219d06
RB Leipzig,6,False,2.31,3.63,2.96,5df62268-f904-5f9b-8de4-1eb87d07d4e2
Bielefeld,6,True,7.49,4.96,1.4,73ee6a0e-0e72-5993-b428-dab897667a53
Ein Frankfurt,6,True,1.75,4.11,4.32,7cdf1033-912b-5fcf-a1bb-2dfe0cc7aa4e
Bayern Munich,6,False,1.18,8.08,13.96,8cbdc111-c8f5-562f-bd1e-3c2ad3c5009b
Augsburg,6,True,2.03,3.62,3.61,921bf337-4304-5c3d-8092-b404cdceff6c
Hertha,6,True,2.64,3.47,2.62,aaa94999-1b29-5f1e-89e8-1a6441933f80
Leverkusen,6,False,2.0,3.57,3.71,abee2e16-c361-5d60-93ac-437af3739580
Dortmund,6,False,1.4,4.96,7.49,ba18834e-16b3-544b-9976-ac5b86b7bd4b
FC Koln,6,True,13.96,8.08,1.18,cf742159-06c0-554e-8479-a1a5700445bb
Union Berlin,6,False,4.03,3.87,1.86,d80f9ee5-1188-5302-a790-e61352fc45d4
Wolfsburg,6,False,2.62,3.47,2.64,d9470353-f1e4-5c01-a882-c69422a604b6
Mainz,6,False,3.61,3.62,2.03,e6c49a1f-35e4-5c77-b845-c71eb4dea7ce
Freiburg,6,True,3.71,3.57,2.0,f00a785b-acfa-5dc4-aecb-93f365778e10
Schalke 04,6,True,3.15,3.61,2.23,fd8cfc66-dd84-575a-af56-a5d987ca63e4
Stuttgart,7,True,2.67,3.66,2.5,45bfb2cb-63e8-583a-b80f-0e0ab042076c
M'gladbach,7,False,2.92,3.56,2.36,4b2b1b8b-a72c-5732-b3b0-fb9ef6459716
Werder Bremen,7,True,2.44,3.5,2.87,4f9c979f-4120-5d67-b1fa-b0e90aeeaba8
Hoffenheim,7,False,3.29,3.69,2.12,57a1fdd6-7909-5651-bab2-8f7a70219d06
RB Leipzig,7,True,1.35,5.24,8.71,5df62268-f904-5f9b-8de4-1eb87d07d4e2
Bielefeld,7,False,4.31,3.69,1.84,73ee6a0e-0e72-5993-b428-dab897667a53
Ein Frankfurt,7,False,2.5,3.66,2.67,7cdf1033-912b-5fcf-a1bb-2dfe0cc7aa4e
Bayern Munich,7,False,1.82,4.19,3.89,8cbdc111-c8f5-562f-bd1e-3c2ad3c5009b
Augsburg,7,True,2.91,3.54,2.37,921bf337-4304-5c3d-8092-b404cdceff6c
Hertha,7,False,2.37,3.54,2.91,aaa94999-1b29-5f1e-89e8-1a6441933f80
Leverkusen,7,True,2.36,3.56,2.92,abee2e16-c361-5d60-93ac-437af3739580
Dortmund,7,True,3.89,4.19,1.82,ba18834e-16b3-544b-9976-ac5b86b7bd4b
FC Koln,7,False,2.87,3.5,2.44,cf742159-06c0-554e-8479-a1a5700445bb
Union Berlin,7,True,1.84,3.69,4.31,d80f9ee5-1188-5302-a790-e61352fc45d4
Wolfsburg,7,True,2.12,3.69,3.29,d9470353-f1e4-5c01-a882-c69422a604b6
Mainz,7,True,2.21,3.48,3.24,e6c49a1f-35e4-5c77-b845-c71eb4dea7ce
Freiburg,7,False,8.71,5.24,1.35,f00a785b-acfa-5dc4-aecb-93f365778e10
Schalke 04,7,False,3.24,3.48,2.21,fd8cfc66-dd84-575a-af56-a5d987ca63e4
Stuttgart,8,False,2.74,3.85,2.36,45bfb2cb-63e8-583a-b80f-0e0ab042076c
M'gladbach,8,True,1.5,4.65,6.08,4b2b1b8b-a72c-5732-b3b0-fb9ef6459716
Werder Bremen,8,False,19.29,10.28,1.11,4f9c979f-4120-5d67-b1fa-b0e90aeeaba8
Hoffenheim,8,True,2.36,3.85,2.74,57a1fdd6-7909-5651-bab2-8f7a70219d06
RB Leipzig,8,False,1.91,3.91,3.76,5df62268-f904-5f9b-8de4-1eb87d07d4e2
Bielefeld,8,True,5.77,4.34,1.55,73ee6a0e-0e72-5993-b428-dab897667a53
Ein Frankfurt,8,True,3.76,3.91,1.91,7cdf1033-912b-5fcf-a1bb-2dfe0cc7aa4e
Bayern Munich,8,True,1.11,10.28,19.29,8cbdc111-c8f5-562f-bd1e-3c2ad3c5009b
Augsburg,8,False,6.08,4.65,1.5,921bf337-4304-5c3d-8092-b404cdceff6c
Hertha,8,True,4.87,4.31,1.64,aaa94999-1b29-5f1e-89e8-1a6441933f80
Leverkusen,8,False,1.55,4.34,5.77,abee2e16-c361-5d60-93ac-437af3739580
Dortmund,8,False,1.64,4.31,4.87,ba18834e-16b3-544b-9976-ac5b86b7bd4b
FC Koln,8,True,2.72,3.35,2.62,cf742159-06c0-554e-8479-a1a5700445bb
Union Berlin,8,False,2.62,3.35,2.72,d80f9ee5-1188-5302-a790-e61352fc45d4
Wolfsburg,8,False,1.99,3.58,3.77,d9470353-f1e4-5c01-a882-c69422a604b6
Mainz,8,False,3.45,3.58,2.09,e6c49a1f-35e4-5c77-b845-c71eb4dea7ce
Freiburg,8,True,2.09,3.58,3.45,f00a785b-acfa-5dc4-aecb-93f365778e10
Schalke 04,8,True,3.77,3.58,1.99,fd8cfc66-dd84-575a-af56-a5d987ca63e4
Stuttgart,9,True,8.66,6.25,1.3,45bfb2cb-63e8-583a-b80f-0e0ab042076c
M'gladbach,9,True,1.35,5.3,8.36,4b2b1b8b-a72c-5732-b3b0-fb9ef6459716
Werder Bremen,9,False,4.14,3.64,1.89,4f9c979f-4120-5d67-b1fa-b0e90aeeaba8
Hoffenheim,9,False,2.08,3.78,3.28,57a1fdd6-7909-5651-bab2-8f7a70219d06
RB Leipzig,9,True,1.22,6.73,13.07,5df62268-f904-5f9b-8de4-1eb87d07d4e2
Bielefeld,9,False,13.07,6.73,1.22,73ee6a0e-0e72-5993-b428-dab897667a53
Ein Frankfurt,9,False,2.73,3.52,2.51,7cdf1033-912b-5fcf-a1bb-2dfe0cc7aa4e
Bayern Munich,9,False,1.3,6.25,8.66,8cbdc111-c8f5-562f-bd1e-3c2ad3c5009b
Augsburg,9,True,2.42,3.43,2.91,921bf337-4304-5c3d-8092-b404cdceff6c
Hertha,9,False,4.34,3.87,1.78,aaa94999-1b29-5f1e-89e8-1a6441933f80
Leverkusen,9,True,1.78,3.87,4.34,abee2e16-c361-5d60-93ac-437af3739580
Dortmund,9,True,1.23,6.57,11.94,ba18834e-16b3-544b-9976-ac5b86b7bd4b
FC Koln,9,False,11.94,6.57,1.23,cf742159-06c0-554e-8479-a1a5700445bb
Union Berlin,9,True,2.51,3.52,2.73,d80f9ee5-1188-5302-a790-e61352fc45d4
Wolfsburg,9,True,1.89,3.64,4.14,d9470353-f1e4-5c01-a882-c69422a604b6
Mainz,9,True,3.28,3.78,2.08,e6c49a1f-35e4-5c77-b845-c71eb4dea7ce
Freiburg,9,False,2.91,3.43,2.42,f00a785b-acfa-5dc4-aecb-93f365778e10
Schalke 04,9,False,8.36,5.3,1.35,fd8cfc66-dd84-575a-af56-a5d987ca63e4
Stuttgart,10,False,2.48,3.56,2.73,45bfb2cb-63e8-583a-b80f-0e0ab042076c
M'gladbach,10,False,1.98,3.7,3.67,4b2b1b8b-a72c-5732-b3b0-fb9ef6459716
Werder Bremen,10,True,2.73,3.56,2.48,4f9c979f-4120-5d67-b1fa-b0e90aeeaba8
Hoffenheim,10,True,1.84,3.92,3.97,57a1fdd6-7909-5651-bab2-8f7a70219d06
RB Leipzig,10,False,6.77,5.27,1.41,5df62268-f904-5f9b-8de4-1eb87d07d4e2
Bielefeld,10,True,2.83,3.46,2.47,73ee6a0e-0e72-5993-b428-dab897667a53
Ein Frankfurt,10,True,3.58,4.0,1.93,7cdf1033-912b-5fcf-a1bb-2dfe0cc7aa4e
Bayern Munich,10,True,1.41,5.27,6.77,8cbdc111-c8f5-562f-bd1e-3c2ad3c5009b
Augsburg,10,False,3.97,3.92,1.84,921bf337-4304-5c3d-8092-b404cdceff6c
Hertha,10,True,2.6,3.36,2.76,aaa94999-1b29-5f1e-89e8-1a6441933f80
Leverkusen,10,False,1.52,4.42,6.11,abee2e16-c361-5d60-93ac-437af3739580
Dortmund,10,False,1.93,4.0,3.58,ba18834e-16b3-544b-9976-ac5b86b7bd4b
FC Koln,10,True,3.55,3.52,2.07,cf742159-06c0-554e-8479-a1a5700445bb
Union Berlin,10,False,2.76,3.36,2.6,d80f9ee5-1188-5302-a790-e61352fc45d4
Wolfsburg,10,False,2.07,3.52,3.55,d9470353-f1e4-5c01-a882-c69422a604b6
Mainz,10,False,2.47,3.46,2.83,e6c49a1f-35e4-5c77-b845-c71eb4dea7ce
Freiburg,10,True,3.67,3.7,1.98,f00a785b-acfa-5dc4-aecb-93f365778e10
Schalke 04,10,True,6.11,4.42,1.52,fd8cfc66-dd84-575a-af56-a5d987ca63e4
Stuttgart,11,False,5.92,4.62,1.51,45bfb2cb-63e8-583a-b80f-0e0ab042076c
M'gladbach,11,True,1.92,3.77,3.81,4b2b1b8b-a72c-5732-b3b0-fb9ef6459716
Werder Bremen,11,False,8.4,5.24,1.36,4f9c979f-4120-5d67-b1fa-b0e90aeeaba8
Hoffenheim,11,False,4.01,4.2,1.78,57a1fdd6-7909-5651-bab2-8f7a70219d06
RB Leipzig,11,True,1.36,5.24,8.4,5df62268-f904-5f9b-8de4-1eb87d07d4e2
Bielefeld,11,False,4.33,3.86,1.79,73ee6a0e-0e72-5993-b428-dab897667a53
Ein Frankfurt,11,False,2.91,3.62,2.34,7cdf1033-912b-5fcf-a1bb-2dfe0cc7aa4e
Bayern Munich,11,False,1.3,6.28,8.51,8cbdc111-c8f5-562f-bd1e-3c2ad3c5009b
Augsburg,11,True,1.92,3.6,3.98,921bf337-4304-5c3d-8092-b404cdceff6c
Hertha,11,False,3.81,3.77,1.92,aaa94999-1b29-5f1e-89e8-1a6441933f80
Leverkusen,11,True,1.78,4.2,4.01,abee2e16-c361-5d60-93ac-437af3739580
Dortmund,11,True,1.51,4.62,5.92,ba18834e-16b3-544b-9976-ac5b86b7bd4b
FC Koln,11,False,2.82,3.56,2.43,cf742159-06c0-554e-8479-a1a5700445bb
Union Berlin,11,True,8.51,6.28,1.3,d80f9ee5-1188-5302-a790-e61352fc45d4
Wolfsburg,11,True,2.34,3.62,2.91,d9470353-f1e4-5c01-a882-c69422a604b6
Mainz,11,True,2.43,3.56,2.82,e6c49a1f-35e4-5c77-b845-c71eb4dea7ce
Freiburg,11,True,1.79,3.86,4.33,f00a785b-acfa-5dc4-aecb-93f365778e10
Schalke 04,11,False,3.98,3.6,1.92,fd8cfc66-dd84-575a-af56-a5d987ca63e4
Stuttgart,12,True,2.14,3.52,3.37,45bfb2cb-63e8-583a-b80f-0e0ab042076c
M'gladbach,12,False,2.48,3.7,2.68,4b2b1b8b-a72c-5732-b3b0-fb9ef6459716
Werder Bremen,12,True,5.95,4.68,1.5,4f9c979f-4120-5d67-b1fa-b0e90aeeaba8
Hoffenheim,12,True,4.54,4.44,1.65,57a1fdd6-7909-5651-bab2-8f7a70219d06
RB Leipzig,12,False,1.65,4.44,4.54,5df62268-f904-5f9b-8de4-1eb87d07d4e2
Bielefeld,12,True,2.87,3.18,2.58,73ee6a0e-0e72-5993-b428-dab897667a53
Ein Frankfurt,12,True,2.68,3.7,2.48,7cdf1033-912b-5fcf-a1bb-2dfe0cc7aa4e
Bayern Munich,12,True,1.34,5.56,8.15,8cbdc111-c8f5-562f-bd1e-3c2ad3c5009b
Augsburg,12,False,2.58,3.18,2.87,921bf337-4304-5c3d-8092-b404cdceff6c
Hertha,12,True,1.76,3.88,4.55,aaa94999-1b29-5f1e-89e8-1a6441933f80
Leverkusen,12,False,1.67,4.02,4.95,abee2e16-c361-5d60-93ac-437af3739580
Dortmund,12,False,1.5,4.68,5.95,ba18834e-16b3-544b-9976-ac5b86b7bd4b
FC Koln,12,True,4.95,4.02,1.67,cf742159-06c0-554e-8479-a1a5700445bb
Union Berlin,12,False,3.37,3.52,2.14,d80f9ee5-1188-5302-a790-e61352fc45d4
Wolfsburg,12,False,8.15,5.56,1.34,d9470353-f1e4-5c01-a882-c69422a604b6
Mainz,12,False,4.55,3.88,1.76,e6c49a1f-35e4-5c77-b845-c71eb4dea7ce
Freiburg,12,False,2.33,3.48,3.01,f00a785b-acfa-5dc4-aecb-93f365778e10
Schalke 04,12,True,3.01,3.48,2.33,fd8cfc66-dd84-575a-af56-a5d987ca63e4
Stuttgart,13,False,3.01,3.63,2.26,45bfb2cb-63e8-583a-b80f-0e0ab042076c
M'gladbach,13,True,1.89,4.06,3.69,4b2b1b8b-a72c-5732-b3b0-fb9ef6459716
Werder Bremen,13,False,2.94,3.3,2.47,4f9c979f-4120-5d67-b1fa-b0e90aeeaba8
Hoffenheim,13,False,3.69,4.06,1.89,57a1fdd6-7909-5651-bab2-8f7a70219d06
RB Leipzig,13,True,1.31,5.57,9.69,5df62268-f904-5f9b-8de4-1eb87d07d4e2
Bielefeld,13,False,3.32,3.35,2.23,73ee6a0e-0e72-5993-b428-dab897667a53
Ein Frankfurt,13,False,1.97,3.7,3.7,7cdf1033-912b-5fcf-a1bb-2dfe0cc7aa4e
Bayern Munich,13,False,1.84,4.08,3.87,8cbdc111-c8f5-562f-bd1e-3c2ad3c5009b
Augsburg,13,True,3.7,3.7,1.97,921bf337-4304-5c3d-8092-b404cdceff6c
Hertha,13,False,2.69,3.42,2.6,aaa94999-1b29-5f1e-89e8-1a6441933f80
Leverkusen,13,True,3.87,4.08,1.84,abee2e16-c361-5d60-93ac-437af3739580
Dortmund,13,False,1.7,3.95,4.81,ba18834e-16b3-544b-9976-ac5b86b7bd4b
FC Koln,13,False,9.69,5.57,1.31,cf742159-06c0-554e-8479-a1a5700445bb
Union Berlin,13,True,4.81,3.95,1.7,d80f9ee5-1188-5302-a790-e61352fc45d4
Wolfsburg,13,True,2.26,3.63,3.01,d9470353-f1e4-5c01-a882-c69422a604b6
Mainz,13,True,2.47,3.3,2.94,e6c49a1f-35e4-5c77-b845-c71eb4dea7ce
Freiburg,13,True,2.6,3.42,2.69,f00a785b-acfa-5dc4-aecb-93f365778e10
Schalke 04,13,True,2.23,3.35,3.32,fd8cfc66-dd84-575a-af56-a5d987ca63e4
Stuttgart,14,True,3.9,4.0,1.85,45bfb2cb-63e8-583a-b80f-0e0ab042076c
M'gladbach,14,False,1.59,4.17,5.62,4b2b1b8b-a72c-5732-b3b0-fb9ef6459716
Werder Bremen,14,True,2.9,3.29,2.51,4f9c979f-4120-5d67-b1fa-b0e90aeeaba8
Hoffenheim,14,True,2.04,3.75,3.41,57a1fdd6-7909-5651-bab2-8f7a70219d06
RB Leipzig,14,False,1.85,4.0,3.9,5df62268-f904-5f9b-8de4-1eb87d07d4e2
Bielefeld,14,True,5.62,4.17,1.59,73ee6a0e-0e72-5993-b428-dab897667a53
Ein Frankfurt,14,True,3.26,3.79,2.09,7cdf1033-912b-5fcf-a1bb-2dfe0cc7aa4e
Bayern Munich,14,True,1.11,10.17,21.74,8cbdc111-c8f5-562f-bd1e-3c2ad3c5009b
Augsburg,14,False,3.14,3.29,2.35,921bf337-4304-5c3d-8092-b404cdceff6c
Hertha,14,True,1.72,3.87,4.75,aaa94999-1b29-5f1e-89e8-1a6441933f80
Leverkusen,14,False,2.09,3.79,3.26,abee2e16-c361-5d60-93ac-437af3739580
Dortmund,14,True,1.58,4.29,5.4,ba18834e-16b3-544b-9976-ac5b86b7bd4b
FC Koln,14,True,2.35,3.29,3.14,cf742159-06c0-554e-8479-a1a5700445bb
Union Berlin,14,False,2.51,3.29,2.9,d80f9ee5-1188-5302-a790-e61352fc45d4
Wolfsburg,14,False,5.4,4.29,1.58,d9470353-f1e4-5c01-a882-c69422a604b6
Mainz,14,False,21.74,10.17,1.11,e6c49a1f-35e4-5c77-b845-c71eb4dea7ce
Freiburg,14,False,3.41,3.75,2.04,f00a785b-acfa-5dc4-aecb-93f365778e10
Schalke 04,14,False,4.75,3.87,1.72,fd8cfc66-dd84-575a-af56-a5d987ca63e4
Stuttgart,15,False,2.18,3.51,3.3,45bfb2cb-63e8-583a-b80f-0e0ab042076c
M'gladbach,15,True,4.93,4.76,1.59,4b2b1b8b-a72c-5732-b3b0-fb9ef6459716
Werder Bremen,15,False,6.74,4.59,1.47,4f9c979f-4120-5d67-b1fa-b0e90aeeaba8
Hoffenheim,15,False,1.73,4.1,4.44,57a1fdd6-7909-5651-bab2-8f7a70219d06
RB Leipzig,15,True,2.3,3.51,3.05,5df62268-f904-5f9b-8de4-1eb87d07d4e2
Bielefeld,15,True,4.1,3.58,1.91,73ee6a0e-0e72-5993-b428-dab897667a53
Ein Frankfurt,15,False,1.97,3.92,3.51,7cdf1033-912b-5fcf-a1bb-2dfe0cc7aa4e
Bayern Munich,15,False,1.59,4.76,4.93,8cbdc111-c8f5-562f-bd1e-3c2ad3c5009b
Augsburg,15,True,3.3,3.51,2.18,921bf337-4304-5c3d-8092-b404cdceff6c
Hertha,15,False,1.91,3.58,4.1,aaa94999-1b29-5f1e-89e8-1a6441933f80
Leverkusen,15,True,1.47,4.59,6.74,abee2e16-c361-5d60-93ac-437af3739580
Dortmund,15,False,3.05,3.51,2.3,ba18834e-16b3-544b-9976-ac5b86b7bd4b
FC Koln,15,False,3.95,3.6,1.94,cf742159-06c0-554e-8479-a1a5700445bb
Union Berlin,15,True,2.95,3.31,2.48,d80f9ee5-1188-5302-a790-e61352fc45d4
Wolfsburg,15,False,2.48,3.31,2.95,d9470353-f1e4-5c01-a882-c69422a604b6
Mainz,15,True,3.51,3.92,1.97,e6c49a1f-35e4-5c77-b845-c71eb4dea7ce
Freiburg,15,True,1.94,3.6,3.95,f00a785b-acfa-5dc4-aecb-93f365778e10
Schalke 04,15,True,4.44,4.1,1.73,fd8cfc66-dd84-575a-af56-a5d987ca63e4
Stuttgart,16,True,2.88,3.77,2.31,45bfb2cb-63e8-583a-b80f-0e0ab042076c
M'gladbach,16,False,2.31,3.77,2.88,4b2b1b8b-a72c-5732-b3b0-fb9ef6459716
Werder Bremen,16,True,2.2,3.3,3.44,4f9c979f-4120-5d67-b1fa-b0e90aeeaba8
Hoffenheim,16,True,1.71,3.88,4.92,57a1fdd6-7909-5651-bab2-8f7a70219d06
RB Leipzig,16,False,2.06,3.6,3.51,5df62268-f904-5f9b-8de4-1eb87d07d4e2
Bielefeld,16,False,4.92,3.88,1.71,73ee6a0e-0e72-5993-b428-dab897667a53
Ein Frankfurt,16,True,1.52,4.47,6.1,7cdf1033-912b-5fcf-a1bb-2dfe0cc7aa4e
Bayern Munich,16,True,1.23,6.92,10.74,8cbdc111-c8f5-562f-bd1e-3c2ad3c5009b
Augsburg,16,False,3.44,3.3,2.2,921bf337-4304-5c3d-8092-b404cdceff6c
Hertha,16,False,2.29,3.25,3.29,aaa94999-1b29-5f1e-89e8-1a6441933f80
Leverkusen,16,False,2.24,3.44,3.25,abee2e16-c361-5d60-93ac-437af3739580
Dortmund,16,True,1.2,7.2,13.63,ba18834e-16b3-544b-9976-ac5b86b7bd4b
FC Koln,16,True,3.29,3.25,2.29,cf742159-06c0-554e-8479-a1a5700445bb
Union Berlin,16,True,3.25,3.44,2.24,d80f9ee5-1188-5302-a790-e61352fc45d4
Wolfsburg,16,True,3.51,3.6,2.06,d9470353-f1e4-5c01-a882-c69422a604b6
Mainz,16,False,13.63,7.2,1.2,e6c49a1f-35e4-5c77-b845-c71eb4dea7ce
Freiburg,16,False,10.74,6.92,1.23,f00a785b-acfa-5dc4-aecb-93f365778e10
Schalke 04,16,False,6.1,4.47,1.52,fd8cfc66-dd84-575a-af56-a5d987ca63e4
Stuttgart,17,False,1.82,3.77,4.32,45bfb2cb-63e8-583a-b80f-0e0ab042076c
M'gladbach,17,True,1.6,4.15,5.55,4b2b1b8b-a72c-5732-b3b0-fb9ef6459716
Werder Bremen,17,False,5.55,4.15,1.6,4f9c979f-4120-5d67-b1fa-b0e90aeeaba8
Hoffenheim,17,False,3.06,3.49,2.31,57a1fdd6-7909-5651-bab2-8f7a70219d06
RB Leipzig,17,True,1.51,4.2,6.87,5df62268-f904-5f9b-8de4-1eb87d07d4e2
Bielefeld,17,True,4.32,3.77,1.82,73ee6a0e-0e72-5993-b428-dab897667a53
Ein Frankfurt,17,False,2.43,3.47,2.87,7cdf1033-912b-5fcf-a1bb-2dfe0cc7aa4e
Bayern Munich,17,False,1.21,7.08,12.19,8cbdc111-c8f5-562f-bd1e-3c2ad3c5009b
Augsburg,17,True,12.19,7.08,1.21,921bf337-4304-5c3d-8092-b404cdceff6c
Hertha,17,True,2.31,3.49,3.06,aaa94999-1b29-5f1e-89e8-1a6441933f80
Leverkusen,17,True,3.11,3.75,2.19,abee2e16-c361-5d60-93ac-437af3739580
Dortmund,17,False,2.19,3.75,3.11,ba18834e-16b3-544b-9976-ac5b86b7bd4b
FC Koln,17,False,2.79,3.25,2.62,cf742159-06c0-554e-8479-a1a5700445bb
Union Berlin,17,False,6.87,4.2,1.51,d80f9ee5-1188-5302-a790-e61352fc45d4
Wolfsburg,17,False,1.86,3.83,4.03,d9470353-f1e4-5c01-a882-c69422a604b6
Mainz,17,True,4.03,3.83,1.86,e6c49a1f-35e4-5c77-b845-c71eb4dea7ce
Freiburg,17,True,2.87,3.47,2.43,f00a785b-acfa-5dc4-aecb-93f365778e10
Schalke 04,17,True,2.62,3.25,2.79,fd8cfc66-dd84-575a-af56-a5d987ca63e4
Stuttgart,18,False,2.51,3.71,2.64,45bfb2cb-63e8-583a-b80f-0e0ab042076c
M'gladbach,18,True,3.26,3.74,2.11,4b2b1b8b-a72c-5732-b3b0-fb9ef6459716
Werder Bremen,18,False,3.47,3.4,2.15,4f9c979f-4120-5d67-b1fa-b0e90aeeaba8
Hoffenheim,18,True,1.82,3.61,4.48,57a1fdd6-7909-5651-bab2-8f7a70219d06
RB Leipzig,18,False,1.41,4.81,7.57,5df62268-f904-5f9b-8de4-1eb87d07d4e2
Bielefeld,18,True,4.5,3.78,1.78,73ee6a0e-0e72-5993-b428-dab897667a53
Ein Frankfurt,18,False,1.78,3.78,4.5,7cdf1033-912b-5fcf-a1bb-2dfe0cc7aa4e
Bayern Munich,18,False,1.18,7.92,13.48,8cbdc111-c8f5-562f-bd1e-3c2ad3c5009b
Augsburg,18,True,3.61,3.38,2.11,921bf337-4304-5c3d-8092-b404cdceff6c
Hertha,18,True,2.15,3.4,3.47,aaa94999-1b29-5f1e-89e8-1a6441933f80
Leverkusen,18,True,2.07,3.63,3.47,abee2e16-c361-5d60-93ac-437af3739580
Dortmund,18,False,2.11,3.74,3.26,ba18834e-16b3-544b-9976-ac5b86b7bd4b
FC Koln,18,False,4.48,3.61,1.82,cf742159-06c0-554e-8479-a1a5700445bb
Union Berlin,18,False,2.11,3.38,3.61,d80f9ee5-1188-5302-a790-e61352fc45d4
Wolfsburg,18,False,3.47,3.63,2.07,d9470353-f1e4-5c01-a882-c69422a604b6
Mainz,18,True,7.57,4.81,1.41,e6c49a1f-35e4-5c77-b845-c71eb4dea7ce
Freiburg,18,True,2.64,3.71,2.51,f00a785b-acfa-5dc4-aecb-93f365778e10
Schalke 04,18,True,13.48,7.92,1.18,fd8cfc66-dd84-575a-af56-a5d987ca63e4
Stuttgart,19,True,1.68,4.11,4.84,45bfb2cb-63e8-583a-b80f-0e0ab042076c
M'gladbach,19,False,2.24,3.38,3.28,4b2b1b8b-a72c-5732-b3b0-fb9ef6459716
Werder Bremen,19,True,1.95,3.54,3.98,4f9c979f-4120-5d67-b1fa-b0e90aeeaba8
Hoffenheim,19,False,10.22,7.03,1.24,57a1fdd6-7909-5651-bab2-8f7a70219d06
RB Leipzig,19,True,1.93,3.6,4.0,5df62268-f904-5f9b-8de4-1eb87d07d4e2
Bielefeld,19,False,3.39,3.21,2.27,73ee6a0e-0e72-5993-b428-dab897667a53
Ein Frankfurt,19,True,1.79,3.82,4.4,7cdf1033-912b-5fcf-a1bb-2dfe0cc7aa4e
Bayern Munich,19,True,1.24,7.03,10.22,8cbdc111-c8f5-562f-bd1e-3c2ad3c5009b
Augsburg,19,False,10.8,6.34,1.26,921bf337-4304-5c3d-8092-b404cdceff6c
Hertha,19,False,4.4,3.82,1.79,aaa94999-1b29-5f1e-89e8-1a6441933f80
Leverkusen,19,False,4.0,3.6,1.93,abee2e16-c361-5d60-93ac-437af3739580
Dortmund,19,True,1.26,6.34,10.8,ba18834e-16b3-544b-9976-ac5b86b7bd4b
FC Koln,19,True,2.27,3.21,3.39,cf742159-06c0-554e-8479-a1a5700445bb
Union Berlin,19,True,3.28,3.38,2.24,d80f9ee5-1188-5302-a790-e61352fc45d4
Wolfsburg,19,True,1.85,3.74,4.13,d9470353-f1e4-5c01-a882-c69422a604b6
Mainz,19,False,4.84,4.11,1.68,e6c49a1f-35e4-5c77-b845-c71eb4dea7ce
Freiburg,19,False,4.13,3.74,1.85,f00a785b-acfa-5dc4-aecb-93f365778e10
Schalke 04,19,False,3.98,3.54,1.95,fd8cfc66-dd84-575a-af56-a5d987ca63e4
Stuttgart,20,False,3.6,3.78,1.99,45bfb2cb-63e8-583a-b80f-0e0ab042076c
M'gladbach,20,True,1.47,4.5,6.78,4b2b1b8b-a72c-5732-b3b0-fb9ef6459716
Hoffenheim,20,True,2.95,3.81,2.24,57a1fdd6-7909-5651-bab2-8f7a70219d06
RB Leipzig,20,False,1.33,5.39,9.24,5df62268-f904-5f9b-8de4-1eb87d07d4e2
Ein Frankfurt,20,False,2.24,3.81,2.95,7cdf1033-912b-5fcf-a1bb-2dfe0cc7aa4e
Bayern Munich,20,False,1.38,5.57,7.09,8cbdc111-c8f5-562f-bd1e-3c2ad3c5009b
Augsburg,20,True,4.58,3.58,1.82,921bf337-4304-5c3d-8092-b404cdceff6c
Hertha,20,True,7.09,5.57,1.38,aaa94999-1b29-5f1e-89e8-1a6441933f80
Leverkusen,20,True,1.99,3.78,3.6,abee2e16-c361-5d60-93ac-437af3739580
Dortmund,20,False,1.61,4.27,5.15,ba18834e-16b3-544b-9976-ac5b86b7bd4b
FC Koln,20,False,6.78,4.5,1.47,cf742159-06c0-554e-8479-a1a5700445bb
Union Berlin,20,False,2.28,3.37,3.21,d80f9ee5-1188-5302-a790-e61352fc45d4
Wolfsburg,20,False,1.82,3.58,4.58,d9470353-f1e4-5c01-a882-c69422a604b6
Mainz,20,True,3.21,3.37,2.28,e6c49a1f-35e4-5c77-b845-c71eb4dea7ce
Freiburg,20,True,5.15,4.27,1.61,f00a785b-acfa-5dc4-aecb-93f365778e10
Schalke 04,20,True,9.24,5.39,1.33,fd8cfc66-dd84-575a-af56-a5d987ca63e4
Stuttgart,21,True,2.25,3.55,3.09,45bfb2cb-63e8-583a-b80f-0e0ab042076c
M'gladbach,21,False,2.8,3.48,2.48,4b2b1b8b-a72c-5732-b3b0-fb9ef6459716
Werder Bremen,21,True,2.87,3.3,2.51,4f9c979f-4120-5d67-b1fa-b0e90aeeaba8
Hoffenheim,21,False,6.07,4.71,1.49,57a1fdd6-7909-5651-bab2-8f7a70219d06
RB Leipzig,21,True,1.26,5.97,11.32,5df62268-f904-5f9b-8de4-1eb87d07d4e2
Bielefeld,21,False,15.56,8.3,1.16,73ee6a0e-0e72-5993-b428-dab897667a53
Ein Frankfurt,21,True,1.48,4.47,6.53,7cdf1033-912b-5fcf-a1bb-2dfe0cc7aa4e
Bayern Munich,21,True,1.16,8.3,15.56,8cbdc111-c8f5-562f-bd1e-3c2ad3c5009b
Augsburg,21,False,11.32,5.97,1.26,921bf337-4304-5c3d-8092-b404cdceff6c
Hertha,21,False,3.09,3.55,2.25,aaa94999-1b29-5f1e-89e8-1a6441933f80
Leverkusen,21,True,1.45,4.68,6.7,abee2e16-c361-5d60-93ac-437af3739580
Dortmund,21,True,1.49,4.71,6.07,ba18834e-16b3-544b-9976-ac5b86b7bd4b
FC Koln,21,False,6.53,4.47,1.48,cf742159-06c0-554e-8479-a1a5700445bb
Union Berlin,21,True,1.78,3.63,4.7,d80f9ee5-1188-5302-a790-e61352fc45d4
Wolfsburg,21,True,2.48,3.48,2.8,d9470353-f1e4-5c01-a882-c69422a604b6
Mainz,21,False,6.7,4.68,1.45,e6c49a1f-35e4-5c77-b845-c71eb4dea7ce
Freiburg,21,False,2.51,3.3,2.87,f00a785b-acfa-5dc4-aecb-93f365778e10
Schalke 04,21,False,4.7,3.63,1.78,fd8cfc66-dd84-575a-af56-a5d987ca63e4
Stuttgart,22,False,2.08,3.59,3.44,45bfb2cb-63e8-583a-b80f-0e0ab042076c
M'gladbach,22,True,1.66,3.96,5.12,4b2b1b8b-a72c-5732-b3b0-fb9ef6459716
Werder Bremen,22,False,3.39,3.63,2.09,4f9c979f-4120-5d67-b1fa-b0e90aeeaba8
Hoffenheim,22,True,2.09,3.63,3.39,57a1fdd6-7909-5651-bab2-8f7a70219d06
RB Leipzig,22,False,1.68,3.96,5.0,5df62268-f904-5f9b-8de4-1eb87d07d4e2
Bielefeld,22,True,5.27,3.81,1.68,73ee6a0e-0e72-5993-b428-dab897667a53
Ein Frankfurt,22,True,3.95,4.3,1.78,7cdf1033-912b-5fcf-a1bb-2dfe0cc7aa4e
Bayern Munich,22,False,1.78,4.3,3.95,8cbdc111-c8f5-562f-bd1e-3c2ad3c5009b
Augsburg,22,True,5.2,3.94,1.66,921bf337-4304-5c3d-8092-b404cdceff6c
Hertha,22,True,5.0,3.96,1.68,aaa94999-1b29-5f1e-89e8-1a6441933f80
Leverkusen,22,False,1.66,3.94,5.2,abee2e16-c361-5d60-93ac-437af3739580
Dortmund,22,False,1.32,5.5,9.24,ba18834e-16b3-544b-9976-ac5b86b7bd4b
FC Koln,22,True,3.44,3.59,2.08,cf742159-06c0-554e-8479-a1a5700445bb
Union Berlin,22,False,3.09,3.14,2.46,d80f9ee5-1188-5302-a790-e61352fc45d4
Wolfsburg,22,False,1.68,3.81,5.27,d9470353-f1e4-5c01-a882-c69422a604b6
Mainz,22,False,5.12,3.96,1.66,e6c49a1f-35e4-5c77-b845-c71eb4dea7ce
Freiburg,22,True,2.46,3.14,3.09,f00a785b-acfa-5dc4-aecb-93f365778e10
Schalke 04,22,True,9.24,5.5,1.32,fd8cfc66-dd84-575a-af56-a5d987ca63e4
Stuttgart,23,True,1.5,4.57,6.2,45bfb2cb-63e8-583a-b80f-0e0ab042076c
M'gladbach,23,False,5.12,4.19,1.63,4b2b1b8b-a72c-5732-b3b0-fb9ef6459716
Werder Bremen,23,True,4.43,3.76,1.8,4f9c979f-4120-5d67-b1fa-b0e90aeeaba8
Hoffenheim,23,False,3.01,3.38,2.37,57a1fdd6-7909-5651-bab2-8f7a70219d06
RB Leipzig,23,True,1.63,4.19,5.12,5df62268-f904-5f9b-8de4-1eb87d07d4e2
Bielefeld,23,False,14.26,6.83,1.2,73ee6a0e-0e72-5993-b428-dab897667a53
Ein Frankfurt,23,False,1.8,3.76,4.43,7cdf1033-912b-5fcf-a1bb-2dfe0cc7aa4e
Bayern Munich,23,True,1.18,7.57,14.09,8cbdc111-c8f5-562f-bd1e-3c2ad3c5009b
Augsburg,23,False,3.49,3.54,2.08,921bf337-4304-5c3d-8092-b404cdceff6c
Hertha,23,False,4.65,3.93,1.73,aaa94999-1b29-5f1e-89e8-1a6441933f80
Leverkusen,23,True,1.84,3.61,4.37,abee2e16-c361-5d60-93ac-437af3739580
Dortmund,23,True,1.2,6.83,14.26,ba18834e-16b3-544b-9976-ac5b86b7bd4b
FC Koln,23,False,14.09,7.57,1.18,cf742159-06c0-554e-8479-a1a5700445bb
Union Berlin,23,True,2.37,3.38,3.01,d80f9ee5-1188-5302-a790-e61352fc45d4
Wolfsburg,23,True,1.73,3.93,4.65,d9470353-f1e4-5c01-a882-c69422a604b6
Mainz,23,True,2.08,3.54,3.49,e6c49a1f-35e4-5c77-b845-c71eb4dea7ce
Freiburg,23,False,4.37,3.61,1.84,f00a785b-acfa-5dc4-aecb-93f365778e10
Schalke 04,23,False,6.2,4.57,1.5,fd8cfc66-dd84-575a-af56-a5d987ca63e4
Stuttgart,24,False,3.79,3.79,1.93,45bfb2cb-63e8-583a-b80f-0e0ab042076c
M'gladbach,24,True,2.61,3.48,2.65,4b2b1b8b-a72c-5732-b3b0-fb9ef6459716
Werder Bremen,24,False,2.62,3.1,2.91,4f9c979f-4120-5d67-b1fa-b0e90aeeaba8
Hoffenheim,24,True,2.94,3.48,2.38,57a1fdd6-7909-5651-bab2-8f7a70219d06
RB Leipzig,24,False,1.67,3.98,5.04,5df62268-f904-5f9b-8de4-1eb87d07d4e2
Bielefeld,24,True,3.96,3.38,2.0,73ee6a0e-0e72-5993-b428-dab897667a53
Ein Frankfurt,24,True,1.93,3.79,3.79,7cdf1033-912b-5fcf-a1bb-2dfe0cc7aa4e
Bayern Munich,24,True,1.65,4.38,4.69,8cbdc111-c8f5-562f-bd1e-3c2ad3c5009b
Augsburg,24,False,3.98,3.47,1.97,921bf337-4304-5c3d-8092-b404cdceff6c
Hertha,24,True,1.97,3.47,3.98,aaa94999-1b29-5f1e-89e8-1a6441933f80
Leverkusen,24,False,2.65,3.48,2.61,abee2e16-c361-5d60-93ac-437af3739580
Dortmund,24,False,4.69,4.38,1.65,ba18834e-16b3-544b-9976-ac5b86b7bd4b
FC Koln,24,True,2.91,3.1,2.62,cf742159-06c0-554e-8479-a1a5700445bb
Union Berlin,24,False,2.0,3.38,3.96,d80f9ee5-1188-5302-a790-e61352fc45d4
Wolfsburg,24,False,2.38,3.48,2.94,d9470353-f1e4-5c01-a882-c69422a604b6
Mainz,24,False,2.11,3.54,3.47,e6c49a1f-35e4-5c77-b845-c71eb4dea7ce
Freiburg,24,True,5.04,3.98,1.67,f00a785b-acfa-5dc4-aecb-93f365778e10
Schalke 04,24,True,3.47,3.54,2.11,fd8cfc66-dd84-575a-af56-a5d987ca63e4
Stuttgart,25,True,2.46,3.72,2.68,45bfb2cb-63e8-583a-b80f-0e0ab042076c
M'gladbach,25,False,1.86,3.73,4.19,4b2b1b8b-a72c-5732-b3b0-fb9ef6459716
Werder Bremen,25,True,10.28,6.41,1.26,4f9c979f-4120-5d67-b1fa-b0e90aeeaba8
Hoffenheim,25,False,2.68,3.72,2.46,57a1fdd6-7909-5651-bab2-8f7a70219d06
RB Leipzig,25,True,1.81,3.79,4.28,5df62268-f904-5f9b-8de4-1eb87d07d4e2
Bielefeld,25,False,8.18,4.98,1.38,73ee6a0e-0e72-5993-b428-dab897667a53
Ein Frankfurt,25,False,4.28,3.79,1.81,7cdf1033-912b-5fcf-a1bb-2dfe0cc7aa4e
Bayern Munich,25,False,1.26,6.41,10.28,8cbdc111-c8f5-562f-bd1e-3c2ad3c5009b
Augsburg,25,True,4.19,3.73,1.86,921bf337-4304-5c3d-8092-b404cdceff6c
Hertha,25,False,6.15,4.58,1.5,aaa94999-1b29-5f1e-89e8-1a6441933f80
Leverkusen,25,True,1.38,4.98,8.18,abee2e16-c361-5d60-93ac-437af3739580
Dortmund,25,True,1.5,4.58,6.15,ba18834e-16b3-544b-9976-ac5b86b7bd4b
FC Koln,25,False,4.17,3.35,1.96,cf742159-06c0-554e-8479-a1a5700445bb
Union Berlin,25,True,1.96,3.35,4.17,d80f9ee5-1188-5302-a790-e61352fc45d4
Wolfsburg,25,True,1.35,5.02,9.39,d9470353-f1e4-5c01-a882-c69422a604b6
Mainz,25,True,2.64,3.32,2.72,e6c49a1f-35e4-5c77-b845-c71eb4dea7ce
Freiburg,25,False,2.72,3.32,2.64,f00a785b-acfa-5dc4-aecb-93f365778e10
Schalke 04,25,False,9.39,5.02,1.35,fd8cfc66-dd84-575a-af56-a5d987ca63e4
Stuttgart,26,False,10.48,6.95,1.23,45bfb2cb-63e8-583a-b80f-0e0ab042076c
M'gladbach,26,False,1.46,4.6,6.85,4b2b1b8b-a72c-5732-b3b0-fb9ef6459716
Werder Bremen,26,True,4.29,3.61,1.85,4f9c979f-4120-5d67-b1fa-b0e90aeeaba8
Hoffenheim,26,True,1.92,3.71,3.88,57a1fdd6-7909-5651-bab2-8f7a70219d06
RB Leipzig,26,False,1.37,4.95,8.83,5df62268-f904-5f9b-8de4-1eb87d07d4e2
Bielefeld,26,True,8.83,4.95,1.37,73ee6a0e-0e72-5993-b428-dab897667a53
Ein Frankfurt,26,True,1.86,3.72,4.09,7cdf1033-912b-5fcf-a1bb-2dfe0cc7aa4e
Bayern Munich,26,True,1.23,6.95,10.48,8cbdc111-c8f5-562f-bd1e-3c2ad3c5009b
Augsburg,26,False,3.89,3.55,1.96,921bf337-4304-5c3d-8092-b404cdceff6c
Hertha,26,True,3.5,3.51,2.08,aaa94999-1b29-5f1e-89e8-1a6441933f80
Leverkusen,26,False,2.08,3.51,3.5,abee2e16-c361-5d60-93ac-437af3739580
Dortmund,26,False,1.43,4.8,6.99,ba18834e-16b3-544b-9976-ac5b86b7bd4b
FC Koln,26,True,6.99,4.8,1.43,cf742159-06c0-554e-8479-a1a5700445bb
Union Berlin,26,False,4.09,3.72,1.86,d80f9ee5-1188-5302-a790-e61352fc45d4
Wolfsburg,26,False,1.85,3.61,4.29,d9470353-f1e4-5c01-a882-c69422a604b6
Mainz,26,False,3.88,3.71,1.92,e6c49a1f-35e4-5c77-b845-c71eb4dea7ce
Freiburg,26,True,1.96,3.55,3.89,f00a785b-acfa-5dc4-aecb-93f365778e10
Schalke 04,26,True,6.85,4.6,1.46,fd8cfc66-dd84-575a-af56-a5d987ca63e4
Stuttgart,27,True,1.94,3.61,3.88,45bfb2cb-63e8-583a-b80f-0e0ab042076c
M'gladbach,27,True,1.81,3.92,4.16,4b2b1b8b-a72c-5732-b3b0-fb9ef6459716
Werder Bremen,27,False,3.88,3.61,1.94,4f9c979f-4120-5d67-b1fa-b0e90aeeaba8
Hoffenheim,27,False,1.97,3.72,3.66,57a1fdd6-7909-5651-bab2-8f7a70219d06
RB Leipzig,27,True,2.78,3.68,2.41,5df62268-f904-5f9b-8de4-1eb87d07d4e2
Bielefeld,27,False,4.62,3.64,1.8,73ee6a0e-0e72-5993-b428-dab897667a53
Ein Frankfurt,27,False,4.2,3.99,1.79,7cdf1033-912b-5fcf-a1bb-2dfe0cc7aa4e
Bayern Munich,27,False,2.41,3.68,2.78,8cbdc111-c8f5-562f-bd1e-3c2ad3c5009b
Augsburg,27,True,3.66,3.72,1.97,921bf337-4304-5c3d-8092-b404cdceff6c
Hertha,27,False,2.93,3.22,2.51,aaa94999-1b29-5f1e-89e8-1a6441933f80
Leverkusen,27,True,1.23,6.48,12.45,abee2e16-c361-5d60-93ac-437af3739580
Dortmund,27,True,1.79,3.99,4.2,ba18834e-16b3-544b-9976-ac5b86b7bd4b
FC Koln,27,False,6.25,4.2,1.53,cf742159-06c0-554e-8479-a1a5700445bb
Union Berlin,27,True,2.51,3.22,2.93,d80f9ee5-1188-5302-a790-e61352fc45d4
Wolfsburg,27,True,1.53,4.2,6.25,d9470353-f1e4-5c01-a882-c69422a604b6
Mainz,27,True,1.8,3.64,4.62,e6c49a1f-35e4-5c77-b845-c71eb4dea7ce
Freiburg,27,False,4.16,3.92,1.81,f00a785b-acfa-5dc4-aecb-93f365778e10
Schalke 04,27,False,12.45,6.48,1.23,fd8cfc66-dd84-575a-af56-a5d987ca63e4
Stuttgart,28,True,3.9,4.0,1.86,45bfb2cb-63e8-583a-b80f-0e0ab042076c
M'gladbach,28,False,2.26,3.5,3.15,4b2b1b8b-a72c-5732-b3b0-fb9ef6459716
Werder Bremen,28,True,7.52,4.79,1.42,4f9c979f-4120-5d67-b1fa-b0e90aeeaba8
Hoffenheim,28,True,2.87,3.57,2.38,57a1fdd6-7909-5651-bab2-8f7a70219d06
RB Leipzig,28,False,1.42,4.79,7.52,5df62268-f904-5f9b-8de4-1eb87d07d4e2
Bielefeld,28,True,2.94,3.2,2.55,73ee6a0e-0e72-5993-b428-dab897667a53
Ein Frankfurt,28,True,2.41,3.43,2.94,7cdf1033-912b-5fcf-a1bb-2dfe0cc7aa4e
Bayern Munich,28,True,1.47,4.68,6.49,8cbdc111-c8f5-562f-bd1e-3c2ad3c5009b
Augsburg,28,False,2.29,3.34,3.22,921bf337-4304-5c3d-8092-b404cdceff6c
Hertha,28,True,3.15,3.5,2.26,aaa94999-1b29-5f1e-89e8-1a6441933f80
Leverkusen,28,False,2.38,3.57,2.87,abee2e16-c361-5d60-93ac-437af3739580
Dortmund,28,False,1.86,4.0,3.9,ba18834e-16b3-544b-9976-ac5b86b7bd4b
FC Koln,28,True,3.03,3.26,2.44,cf742159-06c0-554e-8479-a1a5700445bb
Union Berlin,28,False,6.49,4.68,1.47,d80f9ee5-1188-5302-a790-e61352fc45d4
Wolfsburg,28,False,2.94,3.43,2.41,d9470353-f1e4-5c01-a882-c69422a604b6
Mainz,28,False,2.44,3.26,3.03,e6c49a1f-35e4-5c77-b845-c71eb4dea7ce
Freiburg,28,False,2.55,3.2,2.94,f00a785b-acfa-5dc4-aecb-93f365778e10
Schalke 04,28,True,3.22,3.34,2.29,fd8cfc66-dd84-575a-af56-a5d987ca63e4
Stuttgart,29,False,3.15,3.4,2.3,45bfb2cb-63e8-583a-b80f-0e0ab042076c
M'gladbach,29,True,2.54,3.71,2.61,4b2b1b8b-a72c-5732-b3b0-fb9ef6459716
Werder Bremen,29,False,7.65,5.05,1.39,4f9c979f-4120-5d67-b1fa-b0e90aeeaba8
Hoffenheim,29,False,7.77,5.03,1.4,57a1fdd6-7909-5651-bab2-8f7a70219d06
RB Leipzig,29,True,1.4,5.03,7.77,5df62268-f904-5f9b-8de4-1eb87d07d4e2
Bielefeld,29,False,2.98,3.21,2.49,73ee6a0e-0e72-5993-b428-dab897667a53
Ein Frankfurt,29,False,2.61,3.71,2.54,7cdf1033-912b-5fcf-a1bb-2dfe0cc7aa4e
Bayern Munich,29,False,1.9,3.88,3.8,8cbdc111-c8f5-562f-bd1e-3c2ad3c5009b
Augsburg,29,True,2.49,3.21,2.98,921bf337-4304-5c3d-8092-b404cdceff6c
Leverkusen,29,True,1.64,3.91,5.55,abee2e16-c361-5d60-93ac-437af3739580
Dortmund,29,True,1.39,5.05,7.65,ba18834e-16b3-544b-9976-ac5b86b7bd4b
FC Koln,29,False,5.55,3.91,1.64,cf742159-06c0-554e-8479-a1a5700445bb
Union Berlin,29,True,2.3,3.4,3.15,d80f9ee5-1188-5302-a790-e61352fc45d4
Wolfsburg,29,True,3.8,3.88,1.9,d9470353-f1e4-5c01-a882-c69422a604b6
Freiburg,29,True,1.69,3.94,4.94,f00a785b-acfa-5dc4-aecb-93f365778e10
Schalke 04,29,False,4.94,3.94,1.69,fd8cfc66-dd84-575a-af56-a5d987ca63e4
Stuttgart,30,True,3.36,3.78,2.06,45bfb2cb-63e8-583a-b80f-0e0ab042076c
M'gladbach,30,False,2.21,3.69,3.08,4b2b1b8b-a72c-5732-b3b0-fb9ef6459716
Werder Bremen,30,True,3.09,3.29,2.38,4f9c979f-4120-5d67-b1fa-b0e90aeeaba8
Hoffenheim,30,True,3.08,3.69,2.21,57a1fdd6-7909-5651-bab2-8f7a70219d06
RB Leipzig,30,False,1.42,4.75,7.68,5df62268-f904-5f9b-8de4-1eb87d07d4e2
Bielefeld,30,True,1.75,3.65,5.0,73ee6a0e-0e72-5993-b428-dab897667a53
Ein Frankfurt,30,True,1.44,4.86,7.0,7cdf1033-912b-5fcf-a1bb-2dfe0cc7aa4e
Bayern Munich,30,True,1.45,4.96,6.48,8cbdc111-c8f5-562f-bd1e-3c2ad3c5009b
Augsburg,30,False,7.0,4.86,1.44,921bf337-4304-5c3d-8092-b404cdceff6c
Leverkusen,30,False,6.48,4.96,1.45,abee2e16-c361-5d60-93ac-437af3739580
Dortmund,30,True,1.54,4.42,5.95,ba18834e-16b3-544b-9976-ac5b86b7bd4b
FC Koln,30,True,7.68,4.75,1.42,cf742159-06c0-554e-8479-a1a5700445bb
Union Berlin,30,False,5.95,4.42,1.54,d80f9ee5-1188-5302-a790-e61352fc45d4
Wolfsburg,30,False,2.06,3.78,3.36,d9470353-f1e4-5c01-a882-c69422a604b6
Mainz,30,False,2.38,3.29,3.09,e6c49a1f-35e4-5c77-b845-c71eb4dea7ce
Schalke 04,30,False,5.0,3.65,1.75,fd8cfc66-dd84-575a-af56-a5d987ca63e4
Stuttgart,31,False,7.52,5.14,1.39,45bfb2cb-63e8-583a-b80f-0e0ab042076c
M'gladbach,31,True,1.62,3.87,5.88,4b2b1b8b-a72c-5732-b3b0-fb9ef6459716
Werder Bremen,31,False,4.24,3.48,1.91,4f9c979f-4120-5d67-b1fa-b0e90aeeaba8
Hoffenheim,31,False,2.5,3.51,2.76,57a1fdd6-7909-5651-bab2-8f7a70219d06
RB Leipzig,31,True,1.39,5.14,7.52,5df62268-f904-5f9b-8de4-1eb87d07d4e2
Bielefeld,31,False,5.88,3.87,1.62,73ee6a0e-0e72-5993-b428-dab897667a53
Ein Frankfurt,31,False,2.92,3.76,2.28,7cdf1033-912b-5fcf-a1bb-2dfe0cc7aa4e
Bayern Munich,31,False,1.32,5.81,8.74,8cbdc111-c8f5-562f-bd1e-3c2ad3c5009b
Augsburg,31,True,2.91,3.26,2.54,921bf337-4304-5c3d-8092-b404cdceff6c
Leverkusen,31,True,2.28,3.76,2.92,abee2e16-c361-5d60-93ac-437af3739580
Dortmund,31,False,2.12,3.93,3.12,ba18834e-16b3-544b-9976-ac5b86b7bd4b
FC Koln,31,False,2.54,3.26,2.91,cf742159-06c0-554e-8479-a1a5700445bb
Union Berlin,31,True,1.91,3.48,4.24,d80f9ee5-1188-5302-a790-e61352fc45d4
Wolfsburg,31,True,3.12,3.93,2.12,d9470353-f1e4-5c01-a882-c69422a604b6
Mainz,31,True,8.74,5.81,1.32,e6c49a1f-35e4-5c77-b845-c71eb4dea7ce
Freiburg,31,True,2.76,3.51,2.5,f00a785b-acfa-5dc4-aecb-93f365778e10
Stuttgart,32,True,2.24,3.46,3.25,45bfb2cb-63e8-583a-b80f-0e0ab042076c
M'gladbach,32,False,7.64,5.48,1.37,4b2b1b8b-a72c-5732-b3b0-fb9ef6459716
Werder Bremen,32,True,4.32,3.8,1.81,4f9c979f-4120-5d67-b1fa-b0e90aeeaba8
Hoffenheim,32,True,1.22,6.72,12.63,57a1fdd6-7909-5651-bab2-8f7a70219d06
RB Leipzig,32,False,3.18,3.68,2.19,5df62268-f904-5f9b-8de4-1eb87d07d4e2
Bielefeld,32,False,4.09,3.66,1.89,73ee6a0e-0e72-5993-b428-dab897667a53
Ein Frankfurt,32,True,1.83,4.06,3.96,7cdf1033-912b-5fcf-a1bb-2dfe0cc7aa4e
Bayern Munich,32,True,1.37,5.48,7.64,8cbdc111-c8f5-562f-bd1e-3c2ad3c5009b
Augsburg,32,False,3.25,3.46,2.24,921bf337-4304-5c3d-8092-b404cdceff6c
Hertha,32,True,1.89,3.66,4.09,aaa94999-1b29-5f1e-89e8-1a6441933f80
Leverkusen,32,False,1.81,3.8,4.32,abee2e16-c361-5d60-93ac-437af3739580
Dortmund,32,True,2.19,3.68,3.18,ba18834e-16b3-544b-9976-ac5b86b7bd4b
FC Koln,32,True,2.05,3.69,3.49,cf742159-06c0-554e-8479-a1a5700445bb
Union Berlin,32,False,4.64,3.75,1.78,d80f9ee5-1188-5302-a790-e61352fc45d4
Wolfsburg,32,True,1.78,3.75,4.64,d9470353-f1e4-5c01-a882-c69422a604b6
Mainz,32,False,3.96,4.06,1.83,e6c49a1f-35e4-5c77-b845-c71eb4dea7ce
Freiburg,32,False,3.49,3.69,2.05,f00a785b-acfa-5dc4-aecb-93f365778e10
Schalke 04,32,False,12.63,6.72,1.22,fd8cfc66-dd84-575a-af56-a5d987ca63e4
Stuttgart,33,False,4.6,4.56,1.64,45bfb2cb-63e8-583a-b80f-0e0ab042076c
M'gladbach,33,True,1.64,4.56,4.6,4b2b1b8b-a72c-5732-b3b0-fb9ef6459716
Werder Bremen,33,False,2.92,3.16,2.59,4f9c979f-4120-5d67-b1fa-b0e90aeeaba8
Hoffenheim,33,False,2.5,3.67,2.68,57a1fdd6-7909-5651-bab2-8f7a70219d06
RB Leipzig,33,True,2.21,3.44,3.3,5df62268-f904-5f9b-8de4-1eb87d07d4e2
Bielefeld,33,True,2.68,3.67,2.5,73ee6a0e-0e72-5993-b428-dab897667a53
Ein Frankfurt,33,False,1.22,6.92,12.16,7cdf1033-912b-5fcf-a1bb-2dfe0cc7aa4e
Bayern Munich,33,False,1.32,5.82,8.6,8cbdc111-c8f5-562f-bd1e-3c2ad3c5009b
Augsburg,33,True,2.59,3.16,2.92,921bf337-4304-5c3d-8092-b404cdceff6c
Hertha,33,True,2.59,3.28,2.83,aaa94999-1b29-5f1e-89e8-1a6441933f80
Leverkusen,33,True,1.88,3.71,4.12,abee2e16-c361-5d60-93ac-437af3739580
Dortmund,33,False,1.44,5.02,6.61,ba18834e-16b3-544b-9976-ac5b86b7bd4b
FC Koln,33,False,2.83,3.28,2.59,cf742159-06c0-554e-8479-a1a5700445bb
Union Berlin,33,False,4.12,3.71,1.88,d80f9ee5-1188-5302-a790-e61352fc45d4
Wolfsburg,33,False,3.3,3.44,2.21,d9470353-f1e4-5c01-a882-c69422a604b6
Mainz,33,True,6.61,5.02,1.44,e6c49a1f-35e4-5c77-b845-c71eb4dea7ce
Freiburg,33,True,8.6,5.82,1.32,f00a785b-acfa-5dc4-aecb-93f365778e10
Schalke 04,33,True,12.16,6.92,1.22,fd8cfc66-dd84-575a-af56-a5d987ca63e4
Stuttgart,34,True,2.4,3.89,2.7,45bfb2cb-63e8-583a-b80f-0e0ab042076c
M'gladbach,34,False,2.42,3.92,2.67,4b2b1b8b-a72c-5732-b3b0-fb9ef6459716
Werder Bremen,34,True,2.67,3.92,2.42,4f9c979f-4120-5d67-b1fa-b0e90aeeaba8
Hoffenheim,34,True,1.94,3.99,3.6,57a1fdd6-7909-5651-bab2-8f7a70219d06
RB Leipzig,34,False,2.22,3.89,2.97,5df62268-f904-5f9b-8de4-1eb87d07d4e2
Bielefeld,34,False,2.7,3.89,2.4,73ee6a0e-0e72-5993-b428-dab897667a53
Ein Frankfurt,34,True,2.07,4.23,3.07,7cdf1033-912b-5fcf-a1bb-2dfe0cc7aa4e
Bayern Munich,34,True,1.13,9.9,18.62,8cbdc111-c8f5-562f-bd1e-3c2ad3c5009b
Augsburg,34,False,18.62,9.9,1.13,921bf337-4304-5c3d-8092-b404cdceff6c
Hertha,34,False,3.6,3.99,1.94,aaa94999-1b29-5f1e-89e8-1a6441933f80
Leverkusen,34,False,5.45,4.63,1.55,abee2e16-c361-5d60-93ac-437af3739580
Dortmund,34,True,1.55,4.63,5.45,ba18834e-16b3-544b-9976-ac5b86b7bd4b
FC Koln,34,True,1.35,5.57,8.01,cf742159-06c0-554e-8479-a1a5700445bb
Union Berlin,34,True,2.97,3.89,2.22,d80f9ee5-1188-5302-a790-e61352fc45d4
Wolfsburg,34,True,1.66,4.3,4.81,d9470353-f1e4-5c01-a882-c69422a604b6
Mainz,34,False,4.81,4.3,1.66,e6c49a1f-35e4-5c77-b845-c71eb4dea7ce
Freiburg,34,False,3.07,4.23,2.07,f00a785b-acfa-5dc4-aecb-93f365778e10
Schalke 04,34,False,8.01,5.57,1.35,fd8cfc66-dd84-575a-af56-a5d987ca63e4
